,Unnamed: 0,id,prob
0,0,E3064,0.11567096214119382
1,1,E298,0.08967712529783367
2,2,E3512,0.08725923619007116
3,3,E5670,0.22254155210705062
4,4,E5005,0.026546099565293226
5,5,E1537,0.39180481512873494
6,6,E4070,0.0837232412670267
7,7,E9296,0.19030922071324888
8,8,E6748,0.37570906857193637
9,9,E8060,0.17367832407425593
10,10,E3969,0.5267028511166735
11,11,E1796,0.1436440695306786
12,12,E3195,0.2225872372538212
13,13,E8042,0.18862955282237498
14,14,E5983,0.16168879371756473
15,15,E7860,0.13682347659382976
16,16,E5139,0.1382686773145771
17,17,E4304,0.18630868106495443
18,18,E9047,0.12535425279047482
19,19,E4737,0.20677450655183188
20,20,E3840,0.202318578640833
21,21,E2455,0.15415742037324118
22,22,E8767,0.19605007124093662
23,23,E7242,0.09063534738852999
24,24,E1715,0.15816460731613016
25,25,E3689,0.07001660554775548
26,26,E2885,0.2736710960701766
27,27,E4522,0.12269348308382982
28,28,E657,0.1800750048028561
29,29,E3497,0.10889476833109511
30,30,E864,0.11545149282232789
31,31,E8007,0.13043367750125007
32,32,E3327,0.16412617317319256
33,33,E1823,0.07938363243796541
34,34,E3682,0.19113446833383177
35,35,E5514,0.08999520091622239
36,36,E8903,0.13813279358139519
37,37,E3685,0.2763998990937251
38,38,E6047,0.3171166475485978
39,39,E2605,0.18370107256813212
40,40,E6839,0.35392747313481315
41,41,E1487,0.13031080257503044
42,42,E5725,0.12209259165819056
43,43,E655,0.2317403275690753
44,44,E7590,0.0972225762746476
45,45,E124,0.4725590648419067
46,46,E4788,0.1503470173560576
47,47,E2448,0.26321889690849704
48,48,E3313,0.1696868608694835
49,49,E6306,0.22874381518678305
50,50,E7027,0.30153829256642245
51,51,E3684,0.31499301696844545
52,52,E3835,0.07923707188079157
53,53,E1346,0.06728623072195974
54,54,E961,0.10915947697645788
55,55,E7255,0.11541298080944912
56,56,E4814,0.06224073407714597
57,57,E8479,0.1682614477101173
58,58,E6676,0.1708336763672662
59,59,E2707,0.04772154518380473
60,60,E3193,0.07174904598462369
61,61,E5285,0.24451702220681082
62,62,E3804,0.0752937686968735
63,63,E8347,0.5651577647065306
64,64,E5305,0.14399226659576828
65,65,E6401,0.11470663002648927
66,66,E8648,0.10896637964147772
67,67,E892,0.10484309081114346
68,68,E76,0.23695924830037876
69,69,E3874,0.23983125679775893
70,70,E742,0.11874366406514153
71,71,E8402,0.13536897080377897
72,72,E3614,0.07552856165873857
73,73,E9360,0.21589127966170885
74,74,E496,0.12706272752980657
75,75,E1680,0.08943747975375814
76,76,E206,0.1545222556795731
77,77,E7507,0.37240839816569876
78,78,E8972,0.0499970861644159
79,79,E7371,0.25639860690080857
80,80,E8364,0.4035619988194222
81,81,E8817,0.17810158707673565
82,82,E396,0.09534129473843597
83,83,E821,0.09537596583818704
84,84,E3679,0.2988212066141713
85,85,E6160,0.06577839225275019
86,86,E6822,0.09847081588470895
87,87,E6689,0.20029256555369881
88,88,E5142,0.21394897218879397
89,89,E3070,0.31462374632195417
90,90,E4713,0.2266318788153499
91,91,E6288,0.2986873290722213
92,92,E8138,0.28910793169365817
93,93,E6187,0.30231554020419804
94,94,E5157,0.1707323779991673
95,95,E5752,0.23729829461856747
96,96,E6317,0.361101424363767
97,97,E7647,0.1599486886013747
98,98,E123,0.048564179795063965
99,99,E6781,0.13663467742354016
100,100,E1861,0.13315897683469846
101,101,E3098,0.2146290024286688
102,102,E424,0.09901334486399839
103,103,E2428,0.09751510296196358
104,104,E852,0.24303562430922152
105,105,E1220,0.077182886381743
106,106,E3204,0.14692304335026024
107,107,E6916,0.28336994470388266
108,108,E900,0.10331398442861811
109,109,E4840,0.21414111501113672
110,110,E2640,0.30502189217601194
111,111,E5288,0.40657269171580657
112,112,E5823,0.164449872985804
113,113,E7108,0.31414486676020964
114,114,E7054,0.2683629198338101
115,115,E504,0.2771403951371388
116,116,E8610,0.09715698925360518
117,117,E1874,0.08356911891213269
118,118,E1282,0.18229960224372427
119,119,E6677,0.21642077697145784
120,120,E1611,0.17861936731518732
121,121,E2429,0.18027702997460035
122,122,E4645,0.1967828454485831
123,123,E1527,0.2506612486319319
124,124,E5425,0.17808703504574883
125,125,E7299,0.2191029231886648
126,126,E4600,0.08045057180336747
127,127,E7362,0.10096413435340365
128,128,E1307,0.21404294881624314
129,129,E4921,0.21800740560058632
130,130,E6489,0.037194442500490234
131,131,E8187,0.09323780037398147
132,132,E549,0.18558005069959602
133,133,E6176,0.10156255662060368
134,134,E4123,0.1673987797647619
135,135,E5132,0.06558933587845649
136,136,E2846,0.31958409129448123
137,137,E528,0.14954566112963222
138,138,E6825,0.14625938843197897
139,139,E4145,0.16705370915723303
140,140,E8475,0.05431451257703575
141,141,E5866,0.12645135932773413
142,142,E2042,0.5599790478188883
143,143,E638,0.05912913719213566
144,144,E5779,0.07927548672771324
145,145,E3107,0.19892898423691538
146,146,E6427,0.14368080397810687
147,147,E967,0.16878924747343935
148,148,E6959,0.16013535583625263
149,149,E1432,0.4731524630575603
150,150,E4403,0.21618401782787264
151,151,E1941,0.2419877923435009
152,152,E2763,0.1462973117334706
153,153,E2356,0.061001033640020345
154,154,E8096,0.32307248061419125
155,155,E6210,0.0701018886798665
156,156,E2325,0.2662308129528119
157,157,E9421,0.0
158,158,E7057,0.3755613534545664
159,159,E3419,0.14880283881889267
160,160,E6209,0.15652115946467637
161,161,E6739,0.2546019912070982
162,162,E2807,0.22115389649548456
163,163,E2407,0.08675640236207927
164,164,E2291,0.290015781809065
165,165,E7990,0.12270508012659193
166,166,E5136,0.21496816877539274
167,167,E2221,0.3796820416666371
168,168,E6944,0.22386919916664072
169,169,E1656,0.22990434823145042
170,170,E456,0.12218090979754981
171,171,E5054,0.061877259094213474
172,172,E7798,0.18402889907609804
173,173,E6423,0.193353161513895
174,174,E8301,0.2995913325588559
175,175,E4347,0.37862789962934956
176,176,E4058,0.06408198895467698
177,177,E6458,0.06656110404670149
178,178,E3886,0.12919437144359738
179,179,E2147,0.21302079152577505
180,180,E3299,0.11261385249553843
181,181,E6073,0.13160324697992773
182,182,E8963,0.05518070707506943
183,183,E2446,0.08335917757270704
184,184,E399,0.2814827989163778
185,185,E8815,0.21990437086540277
186,186,E5381,0.27057134200064337
187,187,E1297,0.22660539251857337
188,188,E3518,0.10371150179040278
189,189,E960,0.0786147810820122
190,190,E8679,0.20031718283471234
191,191,E2030,0.2775832261287992
192,192,E8507,0.15173559318639387
193,193,E3812,0.07644654561190649
194,194,E5105,0.17357824313844303
195,195,E8651,0.34943905178463114
196,196,E2998,0.06704835131204565
197,197,E1646,0.23056969498051408
198,198,E1640,0.07977045582882457
199,199,E7113,0.14997875837864905
200,200,E3723,0.2744546537795191
201,201,E1202,0.08324293850979292
202,202,E4876,0.10687202459263516
203,203,E4295,0.22070482973563613
204,204,E7997,0.13355067567034623
205,205,E6418,0.22550431360836207
206,206,E4422,0.11426811434645297
207,207,E5745,0.5121295579321612
208,208,E5556,0.1592885087949709
209,209,E5279,0.08976642081240845
210,210,E8433,0.43537393884200903
211,211,E7736,0.19660420297863268
212,212,E3814,0.492842458386507
213,213,E5616,0.23606533292634896
214,214,E971,0.19412990045930692
215,215,E4351,0.1542749683187539
216,216,E4246,0.15133869882986353
217,217,E4187,0.25810133741738234
218,218,E5606,0.2616384068815994
219,219,E3983,0.34943379339165864
220,220,E1206,0.2293767942408434
221,221,E7341,0.10933063766771156
222,222,E887,0.009430140751861943
223,223,E4817,0.11754918009193452
224,224,E8607,0.1858317734005746
225,225,E9392,0.3105353457858633
226,226,E4068,0.12274794746060658
227,227,E7868,0.09723413330789794
228,228,E2267,0.10331645358705735
229,229,E47,0.207677372625204
230,230,E7678,0.3448353858936841
231,231,E4150,0.024507740685962856
232,232,E1927,0.2637604370812819
233,233,E8176,0.3138608792458294
234,234,E6182,0.07429786907740055
235,235,E5316,0.07278549238642996
236,236,E8563,0.16447072365706875
237,237,E3754,0.265544609816839
238,238,E4556,0.5244147071398619
239,239,E6645,0.04737529143785703
240,240,E7387,0.17219860657615998
241,241,E2855,0.2520250014180514
242,242,E6120,0.21074322149135383
243,243,E8225,0.30011523996824935
244,244,E9093,0.1126356691107296
245,245,E3441,0.11645246221850365
246,246,E3905,0.06636374284089801
247,247,E3240,0.20972778008321474
248,248,E8580,0.08843815646320853
249,249,E6100,0.2657071456004889
250,250,E4855,0.1737467574862769
251,251,E1456,0.20338958754514416
252,252,E3407,0.28196626814068415
253,253,E8196,0.0442151801620312
254,254,E6814,0.17860170597357328
255,255,E2345,0.03238444184181936
256,256,E5582,0.04272788371928147
257,257,E5784,0.25311020798338824
258,258,E7156,0.12472556046981591
259,259,E4095,0.18374636905107428
260,260,E3876,0.32765873093623926
261,261,E4016,0.11120035645502829
262,262,E6884,0.11704475159911731
263,263,E7381,0.23067938963043536
264,264,E4927,0.0937394739261327
265,265,E4531,0.3292859463572128
266,266,E7881,0.2048886582156366
267,267,E1797,0.14074985003863433
268,268,E8728,0.1251691287796214
269,269,E4604,0.49021514806297145
270,270,E2436,0.1734911252844362
271,271,E639,0.06439918436380726
272,272,E8889,0.576496917587196
273,273,E4941,0.1442546718363833
274,274,E2869,0.08771281259345794
275,275,E2400,0.10695523294577987
276,276,E5820,0.16120549596259443
277,277,E1848,0.11413302508786147
278,278,E3919,0.21483282231279716
279,279,E1792,0.3798319916010204
280,280,E7121,0.09248939387853099
281,281,E2563,0.13262304942484726
282,282,E2818,0.3071142067397554
283,283,E975,0.24915452471340674
284,284,E6451,0.40175198565492104
285,285,E2955,0.12325812017618176
286,286,E5467,0.1410141300106569
287,287,E5248,0.06389453296085315
288,288,E4475,0.2076494002608483
289,289,E8961,0.1882753657618123
290,290,E1326,0.18006395646196938
291,291,E6255,0.11076253808362531
292,292,E5842,0.05571054732349056
293,293,E7751,0.0704479652408336
294,294,E3076,0.14678023225590156
295,295,E8318,0.44227437933301583
296,296,E8737,0.4754467227740245
297,297,E7246,0.20267887572540386
298,298,E5128,0.23716047328188808
299,299,E706,0.18532335538787176
300,300,E3047,0.3921505658979635
301,301,E5017,0.16168361534361575
302,302,E5314,0.08308682711060061
303,303,E1625,0.23177507868784988
304,304,E4185,0.15784321662391096
305,305,E9351,0.10328333142697535
306,306,E5236,0.6295058626394815
307,307,E5301,0.3402344063556687
308,308,E3537,0.007930396778443259
309,309,E2260,0.123002316505005
310,310,E1001,0.02829528112500528
311,311,E9235,0.319479586449798
312,312,E5837,0.15072883955794839
313,313,E6561,0.21738154252397238
314,314,E4030,0.3291669752162108
315,315,E219,0.3476353258291188
316,316,E2574,0.2287390197610179
317,317,E6654,0.11109856654149937
318,318,E5886,0.20210588236074134
319,319,E7240,0.10120526596505834
320,320,E5718,0.2652418692727384
321,321,E216,0.27465110048219693
322,322,E4300,0.20138457373603266
323,323,E1082,0.06813513539527422
324,324,E6599,0.14567135149089958
325,325,E186,0.018119804893501654
326,326,E839,0.08051182636585213
327,327,E2961,0.06585093521319205
328,328,E8238,0.3471996908339283
329,329,E1313,0.08790557842105501
330,330,E7700,0.16086473495104514
331,331,E5567,0.17801248017843052
332,332,E1167,0.17595911201655048
333,333,E4245,0.07118429457938104
334,334,E6208,0.10717594827515452
335,335,E1110,0.22804379162232377
336,336,E7771,0.13122184773573253
337,337,E6094,0.09955238730012134
338,338,E5115,0.16466058022159735
339,339,E7504,0.07663565914264556
340,340,E8348,0.4717213799788151
341,341,E1820,0.2689903261344485
342,342,E5336,0.10366488499357297
343,343,E7213,0.10413785457886798
344,344,E8806,0.235117781944
345,345,E8017,0.3281096209866945
346,346,E4823,0.2988626621839857
347,347,E4144,0.2342875331344487
348,348,E2536,0.10698929818721016
349,349,E8262,0.23464304050889903
350,350,E5900,0.11220257186171277
351,351,E7120,0.2092320622326693
352,352,E6771,0.1676098813800282
353,353,E3711,0.21879850796071543
354,354,E2025,0.08066059316181659
355,355,E367,0.3702699812131337
356,356,E8224,0.4331419224945341
357,357,E1532,0.15972694445598368
358,358,E2570,0.0704041662567597
359,359,E8501,0.13114282323438767
360,360,E1174,0.04824913346827894
361,361,E8407,0.08389539648042955
362,362,E3051,0.18718330042303313
363,363,E1836,0.12031638653111565
364,364,E5493,0.0501735738363765
365,365,E8098,0.17181192036076964
366,366,E7023,0.2171788086123057
367,367,E9026,0.1343267115914803
368,368,E1460,0.3555857359369024
369,369,E443,0.12506411524257458
370,370,E5714,0.2186605894580789
371,371,E8170,0.35795450479552865
372,372,E3578,0.361196092584205
373,373,E2520,0.051614053434737704
374,374,E5825,0.11454239669641231
375,375,E8801,0.4795386670097273
376,376,E1113,0.21085736291272353
377,377,E436,0.11905226314489074
378,378,E983,0.08839307717475874
379,379,E4653,0.1543745519934922
380,380,E7827,0.3388558500502028
381,381,E2840,0.13878186789046693
382,382,E8241,0.16005097577597818
383,383,E7319,0.16381092108320425
384,384,E3555,0.16593411155872737
385,385,E906,0.1951437414869761
386,386,E6316,0.2456007655671466
387,387,E307,0.13628089045809497
388,388,E5029,0.11988770175968004
389,389,E6590,0.12027179878809587
390,390,E2752,0.15233773062254183
391,391,E1871,0.15450428569315416
392,392,E459,0.15530726516262758
393,393,E6042,0.3187118039193729
394,394,E6355,0.33860544766311185
395,395,E473,0.2950217890657845
396,396,E6413,0.0708406928924977
397,397,E4664,0.19220559155103367
398,398,E4972,0.17885615503699517
399,399,E5273,0.30074884774320865
400,400,E1150,0.10243395807080902
401,401,E8967,0.20294256698603935
402,402,E4349,0.2294725884432548
403,403,E927,0.06608229878833595
404,404,E2604,0.2456339734618966
405,405,E8428,0.1087323068508241
406,406,E5610,0.5915589555359206
407,407,E139,0.25867270753899685
408,408,E4797,0.3240980844383141
409,409,E264,0.6221567440524546
410,410,E5595,0.20681920289209785
411,411,E5707,0.25218789728730706
412,412,E7563,0.1553272299089893
413,413,E1633,0.08453220501632856
414,414,E2182,0.08131385132268816
415,415,E4765,0.1183830068949649
416,416,E4523,0.3331739678271856
417,417,E5264,0.3006200171153832
418,418,E7204,0.09633403360648093
419,419,E4779,0.42453884865291064
420,420,E4079,0.23883164772498255
421,421,E3406,0.1306953225611419
422,422,E6632,0.17588962121029045
423,423,E2268,0.08441054180675045
424,424,E1112,0.19996257853209856
425,425,E6344,0.3273299670625695
426,426,E1161,0.1217766994160143
427,427,E7218,0.046046381220824634
428,428,E7918,0.19310786891301862
429,429,E7169,0.22653463283922654
430,430,E45,0.28221499012828166
431,431,E4813,0.3743039345193814
432,432,E4731,0.1698329413125164
433,433,E813,0.2218509479247855
434,434,E8233,0.04539346028298064
435,435,E3864,0.0970017066228705
436,436,E5511,0.16322783389029238
437,437,E6205,0.2134014877456924
438,438,E5217,0.29719859228704865
439,439,E7834,0.05916551726960277
440,440,E7897,0.09108750631207203
441,441,E113,0.21892473797027723
442,442,E962,0.20573157289347807
443,443,E9153,0.13424312600579627
444,444,E3587,0.15470069810196477
445,445,E1156,0.1120841551382307
446,446,E3180,0.03357259859652577
447,447,E8712,0.1688922433879652
448,448,E4319,0.1160449253318486
449,449,E5088,0.22243474385761974
450,450,E331,0.4049534496189597
451,451,E8040,0.16055495844852166
452,452,E363,0.24557251313620865
453,453,E8051,0.20096706876530804
454,454,E4098,0.17017517696035575
455,455,E6535,0.19924477359748996
456,456,E7594,0.23555163365809548
457,457,E5228,0.09435798668387425
458,458,E1281,0.4767159959559757
459,459,E5441,0.08033817365358105
460,460,E2705,0.092266923846284
461,461,E1587,0.06445639796560548
462,462,E5644,0.24523682190136217
463,463,E7501,0.22882062201804823
464,464,E3008,0.10893416055323232
465,465,E416,0.11116474798957346
466,466,E7001,0.15887762254061816
467,467,E6127,0.06393276490714969
468,468,E6863,0.12161218030371058
469,469,E4843,0.015500883421450663
470,470,E6734,0.11610390506780822
471,471,E413,0.24301172719941946
472,472,E5571,0.37383789801090767
473,473,E3629,0.0916725882649267
474,474,E2934,0.19025611665987152
475,475,E292,0.2936627059612504
476,476,E700,0.09740161312407095
477,477,E5979,0.19961688491931534
478,478,E5712,0.3254057781828315
479,479,E1073,0.08304386261062886
480,480,E323,0.13846138598572885
481,481,E1953,0.07785372586520511
482,482,E1365,0.060595645835710574
483,483,E4748,0.3077642870022654
484,484,E8886,0.1656190595162978
485,485,E3569,0.12359421722179025
486,486,E4221,0.17978256956585267
487,487,E4547,0.10757703791477373
488,488,E5865,0.24068268207031343
489,489,E7420,0.19607319673872636
490,490,E4153,0.18927356878603296
491,491,E4253,0.2208545110347262
492,492,E2019,0.15551253110482335
493,493,E7718,0.044171444050047186
494,494,E7132,0.17036440480398551
495,495,E7629,0.08953663475515629
496,496,E2956,0.13964299832744237
497,497,E8925,0.37564476757091436
498,498,E6243,0.04177590311241765
499,499,E1437,0.30606736929618394
500,500,E1793,0.2736528288702418
501,501,E9186,0.18219224529241795
502,502,E7157,0.09806931471868317
503,503,E8746,0.14546920629062007
504,504,E5161,0.1803633705009504
505,505,E505,0.05132783681898867
506,506,E9177,0.16677209363533488
507,507,E2742,0.27006490731659427
508,508,E296,0.16327878314567995
509,509,E8716,0.06326181111079689
510,510,E2740,0.32939101133506044
511,511,E5414,0.1560016245233524
512,512,E9037,0.1375596630412638
513,513,E4314,0.093791434850603
514,514,E4860,0.2049850525607242
515,515,E3928,0.11911967917218445
516,516,E6786,0.12489516650575602
517,517,E7367,0.11743233517069968
518,518,E6146,0.19879723863037702
519,519,E42,0.1761347251948972
520,520,E8809,0.09124265176733787
521,521,E8512,0.168289420074473
522,522,E36,0.08509996856624132
523,523,E4127,0.3856250088163817
524,524,E5964,0.15810975999116955
525,525,E2007,0.14036422693312758
526,526,E3086,0.08871478222742736
527,527,E7915,0.07992316070387384
528,528,E9403,0.19928309699409907
529,529,E8947,0.2572603946369056
530,530,E8606,0.23072397165781058
531,531,E7167,0.29490094319337495
532,532,E1261,0.1680028147948956
533,533,E1051,0.1500017352696809
534,534,E4971,0.15651314613103792
535,535,E6798,0.5219049676244174
536,536,E4196,0.0831861135718231
537,537,E6652,0.20743283448940625
538,538,E3742,0.09777863418455209
539,539,E5219,0.5381659763273093
540,540,E3961,0.07508045512717207
541,541,E746,0.15616963017882263
542,542,E8827,0.13350442467476667
543,543,E2202,0.15305498113963045
544,544,E8778,0.3109099662756396
545,545,E6285,0.0480470968652456
546,546,E1637,0.15243715425923313
547,547,E3414,0.0659821778430113
548,548,E176,0.02473628644835084
549,549,E5066,0.22557926285515326
550,550,E969,0.026319982951832736
551,551,E5182,0.15580578939463985
552,552,E3914,0.1958394497398113
553,553,E1203,0.08625417439240812
554,554,E1787,0.1317510306850321
555,555,E4135,0.24740550319174162
556,556,E2504,0.06578132437839679
557,557,E1692,0.2049028330140841
558,558,E1518,0.19350077946530783
559,559,E5298,0.18037975153818853
560,560,E7145,0.2840375377012487
561,561,E4849,0.25022677962822654
562,562,E1568,0.5219813857918543
563,563,E5804,0.15527226255549348
564,564,E4487,0.29991077993193305
565,565,E8666,0.2270301792204359
566,566,E1383,0.16403991266586598
567,567,E4724,0.08013077006032908
568,568,E2586,0.28513092906956006
569,569,E7562,0.2379344115614777
570,570,E5741,0.1072645007559397
571,571,E7032,0.1589889518648765
572,572,E4958,0.16292995735969137
573,573,E5146,0.07246320433801873
574,574,E6611,0.21244122516989694
575,575,E4338,0.20795347255012558
576,576,E1200,0.06701103958451929
577,577,E8866,0.1383290116582916
578,578,E5872,0.06571810934983652
579,579,E2598,0.30071652577336155
580,580,E7547,0.30146787582574774
581,581,E8441,0.10025279381276449
582,582,E487,0.06703418794488719
583,583,E5181,0.21728915484570402
584,584,E7494,0.19960588801922943
585,585,E6683,0.19989918060291315
586,586,E7328,0.296245662883192
587,587,E7975,0.1718102285299872
588,588,E7683,0.3570931171545491
589,589,E6925,0.20633643669206933
590,590,E4252,0.26290020971614303
591,591,E1832,0.191687651274535
592,592,E8033,0.33687835135388416
593,593,E2889,0.31801315210960207
594,594,E3611,0.08181947438521327
595,595,E2350,0.47418453699129703
596,596,E92,0.14472655544921662
597,597,E9007,0.20293921190269712
598,598,E5645,0.04437506960226132
599,599,E3501,0.06682965932083648
600,600,E5278,0.2057399748909449
601,601,E8821,0.12047721333704957
602,602,E9227,0.05520198070402977
603,603,E1205,0.1536567584901727
604,604,E4966,0.29766644065484005
605,605,E4050,0.22749660439273803
606,606,E6715,0.14773834574935174
607,607,E1494,0.21590467713249956
608,608,E2087,0.7157822023013974
609,609,E7527,0.32960779430099485
610,610,E873,0.18338238537577814
611,611,E5027,0.26892631091565333
612,612,E5622,0.2536208208035926
613,613,E7724,0.12098568279055323
614,614,E2244,0.30416823208644417
615,615,E6691,0.06015127733567013
616,616,E6760,0.37589131761358857
617,617,E5573,0.1643863150185716
618,618,E3930,0.0781337638692115
619,619,E3134,0.3188606393030718
620,620,E5763,0.24617771987347206
621,621,E4775,0.17698495018209928
622,622,E1857,0.1299785350112606
623,623,E2450,0.09279849593499931
624,624,E6321,0.1764463535662501
625,625,E8492,0.14754947227568316
626,626,E4369,0.22675920051301798
627,627,E8979,0.20616516168792495
628,628,E624,0.20621610522766798
629,629,E3851,0.39701600259298214
630,630,E7569,0.2069973252383955
631,631,E114,0.11789623402811716
632,632,E5585,0.4162916308400541
633,633,E339,0.08381047343392424
634,634,E6276,0.3601882529832978
635,635,E2854,0.10442205357209607
636,636,E6345,0.6931764280692194
637,637,E3873,0.083676155787345
638,638,E6408,0.1946062594218113
639,639,E2882,0.22717518512229615
640,640,E7383,0.04996083754677312
641,641,E1270,0.30599729549418136
642,642,E2144,0.0326234758119296
643,643,E6918,0.019416215955706407
644,644,E1101,0.06460793113352503
645,645,E2369,0.1703200685493253
646,646,E7276,0.20547934150013583
647,647,E2875,0.5448902606537385
648,648,E588,0.18887909214714108
649,649,E5908,0.1614199297986248
650,650,E1413,0.06757717417573947
651,651,E2692,0.06313895333151087
652,652,E6855,0.17744503098896722
653,653,E1716,0.5941411122676273
654,654,E3366,0.3379182557206343
655,655,E3281,0.21747493615567898
656,656,E1826,0.05179704551017946
657,657,E4723,0.12944872334106217
658,658,E4355,0.12213750519294884
659,659,E4611,0.09047039960288615
660,660,E4585,0.11320486157177619
661,661,E2804,0.35652862295331056
662,662,E8571,0.16203798530480354
663,663,E7602,0.2529766676644658
664,664,E1238,0.17909296562138122
665,665,E5790,0.0583529069390874
666,666,E3658,0.13042172608852678
667,667,E3521,0.1470271195216033
668,668,E3747,0.14715436691589237
669,669,E6292,0.17831149983793862
670,670,E3516,0.03819218255750356
671,671,E5009,0.06093814440319858
672,672,E4758,0.1309572362563269
673,673,E3422,0.18410903812812734
674,674,E1895,0.1584545791103389
675,675,E1979,0.2230348579556022
676,676,E3524,0.09706469302564935
677,677,E4262,0.12227685832236368
678,678,E1615,0.06956098865926962
679,679,E5478,0.189503897829516
680,680,E6283,0.44848608465752055
681,681,E6585,0.21472465945561137
682,682,E6450,0.06576899573313418
683,683,E8756,0.20986377241364285
684,684,E4222,0.08038676806342006
685,685,E2012,0.13023881403210852
686,686,E5572,0.06713401739234053
687,687,E3163,0.14157704097835921
688,688,E5166,0.09654817022899548
689,689,E8445,0.6086888565210669
690,690,E8538,0.11998581651377278
691,691,E8554,0.11792392061024609
692,692,E1667,0.07324586469116921
693,693,E4198,0.14143599030251738
694,694,E586,0.23127606862605207
695,695,E2393,0.09997399610362226
696,696,E2187,0.1417384450643912
697,697,E6772,0.49098836045570515
698,698,E8536,0.15512957720531456
699,699,E2384,0.13713997469432673
700,700,E5177,0.14775790468495148
701,701,E5953,0.13458241238105545
702,702,E4486,0.20003281237214815
703,703,E7720,0.08389464201535088
704,704,E8591,0.3928162784482775
705,705,E4176,0.08876016444503754
706,706,E8416,0.08570016268324727
707,707,E5929,0.04128419764433597
708,708,E9216,0.06465786300418529
709,709,E4818,0.20975321470139677
710,710,E3493,0.07604673056101864
711,711,E8473,0.0030089381935120146
712,712,E8700,0.3775062386831667
713,713,E3354,0.1039363266681983
714,714,E4240,0.2131689410321297
715,715,E3720,0.14723515183575414
716,716,E5913,0.16725928374423368
717,717,E6402,0.2297873318408795
718,718,E5508,0.2955415297703118
719,719,E7851,0.22351360605752235
720,720,E1033,0.25104111608339164
721,721,E2214,0.2581989606260451
722,722,E6678,0.28104654091593295
723,723,E9183,0.09034448395377379
724,724,E5216,0.06869242216875375
725,725,E5829,0.5481156560214464
726,726,E3778,0.16342314889535225
727,727,E3297,0.029042447325591626
728,728,E9242,0.13728816992583767
729,729,E3168,0.13992679722555298
730,730,E6101,0.07489040423072924
731,731,E9225,0.17293474729843772
732,732,E4106,0.11926477652435724
733,733,E1971,0.07451485209089365
734,734,E1777,0.10724461602860144
735,735,E4654,0.09179223956762841
736,736,E1329,0.07943480460348985
737,737,E3371,0.07973824817186825
738,738,E2061,0.1248931545988796
739,739,E7365,0.09381005070485442
740,740,E6743,0.03580053968944708
741,741,E804,0.12429471518474597
742,742,E3409,0.4160220810437699
743,743,E4800,0.3823879821120445
744,744,E5035,0.10158794551362943
745,745,E6984,0.21819478729103117
746,746,E2816,0.06368248826423853
747,747,E7761,0.15318308016495533
748,748,E9201,0.10947966166768013
749,749,E7665,0.17265666976050695
750,750,E101,0.31345961242122955
751,751,E3059,0.29749167339188454
752,752,E7784,0.15172585372810574
753,753,E2133,0.1843148127626867
754,754,E2995,0.09431575378640301
755,755,E3607,0.0633038325294203
756,756,E4061,0.08655861248293566
757,757,E6637,0.2160928933070465
758,758,E3856,0.060390808566854935
759,759,E1634,0.19807110028603597
760,760,E8472,0.19520050926850058
761,761,E4370,0.19423516548471328
762,762,E6604,0.036234671470124824
763,763,E2787,0.3664553543346385
764,764,E8924,0.06975708670763076
765,765,E1057,0.12473947806425935
766,766,E7130,0.29956949879673106
767,767,E7316,0.23539050963864575
768,768,E6442,0.2201941083181855
769,769,E2772,0.12428120911670909
770,770,E6713,0.19276008908998002
771,771,E1476,0.1442023165324401
772,772,E202,0.22122620511450045
773,773,E2834,0.09522182633635942
774,774,E2003,0.19634633595977868
775,775,E3449,0.24371924397386452
776,776,E2116,0.08832168305886845
777,777,E3917,0.12354506267878679
778,778,E1814,0.21978728588709742
779,779,E8249,0.13959840486877803
780,780,E7039,0.10922216045007636
781,781,E1920,0.28576900076290135
782,782,E8043,0.2294441416804027
783,783,E1819,0.20709993820473754
784,784,E4143,0.21181216133234324
785,785,E6172,0.1100128169899317
786,786,E4711,0.2793001142968869
787,787,E1228,0.17220991212105075
788,788,E5891,0.20413196975125444
789,789,E8136,0.040391465408724944
790,790,E5995,0.11879030944019399
791,791,E9246,0.07091431039411221
792,792,E4360,0.11047035433498142
793,793,E7105,0.11121750338863418
794,794,E2899,0.09793038454696394
795,795,E9267,0.21249242019799952
796,796,E4919,0.11891125247856067
797,797,E827,0.20146188925966146
798,798,E1074,0.07363359686950947
799,799,E9188,0.11108524337408762
800,800,E7832,0.05775595359253293
801,801,E5581,0.3166902547506208
802,802,E2983,0.24640303629669766
803,803,E5936,0.2287137794747501
804,804,E5921,0.17568181752192102
805,805,E6662,0.07056034624368641
806,806,E3476,0.27601659082425517
807,807,E4744,0.15111095897335503
808,808,E5276,0.08334611160929939
809,809,E7821,0.13241386826614482
810,810,E2905,0.4064022797739869
811,811,E237,0.1021857790694423
812,812,E5835,0.15003904699720727
813,813,E133,0.18650067528053926
814,814,E8345,0.09957710746273644
815,815,E7785,0.1453657759871095
816,816,E4330,0.10664425615790396
817,817,E1315,0.16945633177844177
818,818,E1867,0.002242938944181904
819,819,E1926,0.18465650542429526
820,820,E5084,0.15860615228777017
821,821,E1863,0.23801827721374402
822,822,E4171,0.09010623302696487
823,823,E3190,0.12175808356176288
824,824,E5839,0.18205281214397964
825,825,E7481,0.17503339479632632
826,826,E2701,0.0280533093136039
827,827,E6580,0.07625409986040338
828,828,E6976,0.35701140630027267
829,829,E225,0.09188127787819911
830,830,E5312,0.24606649914645992
831,831,E6312,0.12204845545108907
832,832,E1881,0.20605410671460428
833,833,E6749,0.19998190312627237
834,834,E7921,0.253646141108884
835,835,E6247,0.03770039135475385
836,836,E67,0.17305467866772165
837,837,E5901,0.092830760748401
838,838,E6362,0.13484724677059795
839,839,E3615,0.20211271255596103
840,840,E3357,0.02215977105780051
841,841,E9260,0.2244714852095466
842,842,E9114,0.161912772679969
843,843,E3870,0.10570131198505042
844,844,E4137,0.10093346992047182
845,845,E6183,0.13454067674465878
846,846,E9117,0.2310536728971841
847,847,E8061,0.2322056953471384
848,848,E1311,0.4399335942700343
849,849,E5628,0.042440083869996155
850,850,E6338,0.48881281467623877
851,851,E6738,0.20271940536080363
852,852,E7525,0.09096953540886371
853,853,E4458,0.09510507858108164
854,854,E8865,0.06285641187519804
855,855,E5530,0.16873049064761658
856,856,E8914,0.16702722857610103
857,857,E5759,0.08822898102015063
858,858,E5948,0.3361233432889954
859,859,E5846,0.2518941245894824
860,860,E1700,0.11925473413690876
861,861,E8905,0.20314244307543836
862,862,E8738,0.07247312098128747
863,863,E2675,0.34501399978541186
864,864,E2746,0.12480348185176547
865,865,E8544,0.21628288133139947
866,866,E2488,0.15575950982083764
867,867,E1244,0.14926355406230402
868,868,E136,0.07677408633764567
869,869,E3749,0.11851138598687198
870,870,E8153,0.3758180887758025
871,871,E8913,0.08997952290326208
872,872,E1580,0.032386047937933767
873,873,E516,0.09867589321063505
874,874,E6453,0.044824067774375344
875,875,E552,0.07086836804333757
876,876,E3444,0.4501625975126109
877,877,E7919,0.21951801044175098
878,878,E1083,0.19936234440558087
879,879,E1934,0.02789613480452804
880,880,E8480,0.5469366900231527
881,881,E1124,0.11425348229644262
882,882,E9134,0.22495345693498472
883,883,E54,0.34228383072281937
884,884,E7967,0.10527111828345752
885,885,E3013,0.1861922648170597
886,886,E6681,0.4440806373190572
887,887,E8048,0.10748690220045228
888,888,E2592,0.06758645066682023
889,889,E302,0.11659929712661517
890,890,E566,0.30636912674942446
891,891,E1162,0.05849550655459827
892,892,E1299,0.15750887999681934
893,893,E5974,0.11556656017811229
894,894,E6178,0.0700003959798534
895,895,E8418,0.2318392082195358
896,896,E4,0.10774662108813572
897,897,E5570,0.09459925547099779
898,898,E4028,0.14574981585908
899,899,E3040,0.24213085492621914
900,900,E8870,0.28357888008987003
901,901,E1175,0.09560647778229517
902,902,E3322,0.1710359073022137
903,903,E2879,0.3267497434075699
904,904,E5231,0.13891675138585519
905,905,E3403,0.27371073978067334
906,906,E7073,0.5378453286688797
907,907,E7442,0.29553013849075294
908,908,E3365,0.11627800360035306
909,909,E5927,0.10256990467608082
910,910,E6597,0.11185318594255975
911,911,E4774,0.4435449671132102
912,912,E597,0.22470028246029414
913,913,E4277,0.22344315502298043
914,914,E8302,0.15843614044106805
915,915,E4201,0.057844203144157766
916,916,E2156,0.18014422125817842
917,917,E5541,0.0780149070411002
918,918,E956,1.0
919,919,E6650,0.15106885182006355
920,920,E2883,0.32320761559793904
921,921,E2975,0.11049019905280795
922,922,E5256,0.23767025161799038
923,923,E2368,0.11459595228570797
924,924,E4056,0.25565322969696175
925,925,E8369,0.1222560133667435
926,926,E4644,0.17516150525294025
927,927,E2118,0.11023871069325532
928,928,E4066,0.15953407003114042
929,929,E3041,0.39969401068354554
930,930,E4170,0.07083359406198489
931,931,E3641,0.08957536967817195
932,932,E4271,0.09594098587872282
933,933,E8284,0.3700765295081923
934,934,E392,0.19580656763679977
935,935,E511,0.30069449196367803
936,936,E7819,0.3814703068036815
937,937,E3440,0.15651308897459257
938,938,E7557,0.08014440187254573
939,939,E2359,0.09444873968780555
940,940,E8631,0.0882261746386838
941,941,E7864,0.3083943396463237
942,942,E7916,0.1961415215535012
943,943,E949,0.30837860447691806
944,944,E1882,0.26517488191878485
945,945,E4384,0.1297723259877165
946,946,E6003,0.2067880640606696
947,947,E1401,0.1092380385105954
948,948,E1405,0.5231971605409551
949,949,E3147,0.26596089735527756
950,950,E7352,0.1572782823180432
951,951,E8333,0.1438029072923142
952,952,E5878,0.16514695299332763
953,953,E2510,0.09865779176439181
954,954,E6136,0.3610189476131228
955,955,E2365,0.536225972259142
956,956,E8797,0.20703856932936215
957,957,E2390,0.24645371120114748
958,958,E7270,0.3444278032818728
959,959,E7029,0.22202676115069092
960,960,E1853,0.29859567871209797
961,961,E7127,0.1259088360640892
962,962,E261,0.10920357317404762
963,963,E8256,0.0709764451658553
964,964,E6067,0.3562177490470363
965,965,E9259,0.10629074354339646
966,966,E1298,0.22257463997326543
967,967,E8215,0.2030590518216685
968,968,E640,0.22641313538333996
969,969,E4007,0.17522519467999695
970,970,E6364,0.13827587902669158
971,971,E4223,0.08584917525192674
972,972,E1839,0.1777447479571086
973,973,E6837,0.3382928419165434
974,974,E1100,0.05194947603429103
975,975,E1334,0.04491708988918715
976,976,E5971,0.34215017609100623
977,977,E6470,0.18906068388967168
978,978,E6595,0.09686780621834233
979,979,E7646,0.11164040964344459
980,980,E191,0.18992810725128045
981,981,E1533,0.05443661017559854
982,982,E1541,0.11104670278298617
983,983,E5777,0.12952104339136716
984,984,E7189,0.24906114822863373
985,985,E6323,0.19968283774160797
986,986,E2278,0.11392451265956963
987,987,E5793,0.048748852269999095
988,988,E9157,0.05663823072543486
989,989,E4485,0.2340574270011026
990,990,E5534,0.19083083043353916
991,991,E5982,0.09949584814437828
992,992,E325,0.04321239890653776
993,993,E4075,0.20804360826444707
994,994,E6151,0.14689629413383512
995,995,E7808,0.13089141489385853
996,996,E7214,0.09817864356735415
997,997,E2470,0.11246335385927977
998,998,E3155,0.10209259120093897
999,999,E3452,0.17532470405135628
1000,1000,E6198,0.22661062233332316
1001,1001,E8742,0.056248669540843295
1002,1002,E2425,0.3005759494960162
1003,1003,E8485,0.26123886618164927
1004,1004,E3774,0.2366861605201273
1005,1005,E8763,0.08618182576388045
1006,1006,E3483,0.041897320549280755
1007,1007,E4960,0.10510859964674114
1008,1008,E8263,0.09432128653031317
1009,1009,E4699,0.2316471054067048
1010,1010,E4961,0.280669234073225
1011,1011,E3183,0.15886576257820745
1012,1012,E8795,0.22177544426047435
1013,1013,E3649,0.17200281145695917
1014,1014,E8590,0.22339461205394226
1015,1015,E8470,0.21960555696909798
1016,1016,E3096,0.4209118721001534
1017,1017,E4436,0.08379338365676373
1018,1018,E5990,0.38122563720805946
1019,1019,E1146,0.05203543932810174
1020,1020,E7509,0.11128744001516794
1021,1021,E1137,0.21342231555437902
1022,1022,E6273,0.11306714311669842
1023,1023,E9040,0.12734845260012556
1024,1024,E2212,0.12508209094463804
1025,1025,E4842,0.106151213229001
1026,1026,E863,0.06163665903750056
1027,1027,E5214,0.16839382203755457
1028,1028,E4969,0.0861593004087669
1029,1029,E8191,0.1938724678294376
1030,1030,E7082,0.12082535896133843
1031,1031,E3048,0.3424315001150331
1032,1032,E2539,0.22383936350216652
1033,1033,E1486,0.05844533462686752
1034,1034,E6028,0.09622128108673332
1035,1035,E8669,0.23774264597167433
1036,1036,E538,0.21780312846489513
1037,1037,E980,0.09824387621843537
1038,1038,E5271,0.13937939851711947
1039,1039,E144,0.03775718199885646
1040,1040,E1010,0.1023157299635966
1041,1041,E6319,0.23363389774103782
1042,1042,E7021,0.41480379141107354
1043,1043,E9378,0.12748132990428193
1044,1044,E4417,0.1702712340824158
1045,1045,E8068,0.2176121687809712
1046,1046,E1154,0.20111137164289047
1047,1047,E1015,0.2502969677431199
1048,1048,E4776,0.09912318240503301
1049,1049,E9005,0.55789712429691
1050,1050,E8605,0.13053398134719982
1051,1051,E907,0.1398539456203062
1052,1052,E6234,0.18628032003677034
1053,1053,E4599,0.14350640251640165
1054,1054,E6952,0.2377241672928917
1055,1055,E990,0.056719832982465156
1056,1056,E5355,0.07718735601576959
1057,1057,E4938,0.3795252729683232
1058,1058,E9059,0.03343237668914157
1059,1059,E5578,0.24046028634144542
1060,1060,E3032,0.21840184222996648
1061,1061,E8926,0.062064194964384575
1062,1062,E9119,0.16214074116225893
1063,1063,E8261,0.23842714012993124
1064,1064,E7140,0.02632657880562645
1065,1065,E8202,0.13163028197857965
1066,1066,E6968,0.27175805269728237
1067,1067,E6566,0.2736857509827651
1068,1068,E3887,0.15223526626295772
1069,1069,E7103,0.17961093447610255
1070,1070,E616,0.17214845751100735
1071,1071,E7933,0.09337567315146167
1072,1072,E4806,0.11662694369923236
1073,1073,E5032,0.10564154920578947
1074,1074,E1292,0.12444210451037742
1075,1075,E4397,0.15649653646801837
1076,1076,E2989,0.13222287428835366
1077,1077,E4173,0.15686611575931456
1078,1078,E9190,0.34915938529751955
1079,1079,E4636,0.11759196169128117
1080,1080,E8195,0.06510361469020327
1081,1081,E1849,0.2081542631426502
1082,1082,E987,0.18038179202328763
1083,1083,E6223,0.12139928397606023
1084,1084,E4669,0.6616832266797874
1085,1085,E7301,0.09124780727870871
1086,1086,E30,0.2733300835702677
1087,1087,E2107,0.19275492786296464
1088,1088,E3169,0.19609829413388083
1089,1089,E8615,0.0372117208939204
1090,1090,E2500,0.22667663231206123
1091,1091,E6011,0.09255040838394517
1092,1092,E6536,0.4954700544922691
1093,1093,E5308,0.11076964834542721
1094,1094,E6248,0.17616453228114873
1095,1095,E7531,0.20782932875081916
1096,1096,E554,0.11126612637669586
1097,1097,E3385,0.1452719422507737
1098,1098,E8529,0.08614572575299557
1099,1099,E4473,0.05698113510368488
1100,1100,E7230,0.0846067998931586
1101,1101,E6192,0.08704540821236152
1102,1102,E77,0.18064631205238071
1103,1103,E6110,0.29277516353087735
1104,1104,E453,0.12755439870402102
1105,1105,E7168,0.14425161968220146
1106,1106,E7044,0.2243847503037236
1107,1107,E8182,0.18076740941314984
1108,1108,E2236,0.06677834997984321
1109,1109,E8850,0.19574319828583706
1110,1110,E7049,0.1375916706506614
1111,1111,E2750,0.05617624089329214
1112,1112,E1620,0.06434145063835633
1113,1113,E8049,0.11605531065796922
1114,1114,E5701,0.11844889684516768
1115,1115,E4673,0.2963791231830909
1116,1116,E2396,0.16147667471757113
1117,1117,E8675,0.2020060014724872
1118,1118,E792,0.1969834074153263
1119,1119,E8859,0.21077469183016515
1120,1120,E8812,0.4705469293397043
1121,1121,E6757,0.13753520008265277
1122,1122,E1129,0.4036038887782213
1123,1123,E2457,0.1735280712107123
1124,1124,E3799,0.2893325622395395
1125,1125,E1163,0.2087521767174866
1126,1126,E8509,0.08959308817623132
1127,1127,E5957,0.16042127523848582
1128,1128,E8162,0.4510419494243648
1129,1129,E1210,0.07928782108862041
1130,1130,E2543,0.1717327586839559
1131,1131,E4155,0.15466920490057534
1132,1132,E7146,0.0787683147255191
1133,1133,E3072,0.2008289216368902
1134,1134,E8031,0.3387615419153705
1135,1135,E8684,0.13685795907731116
1136,1136,E5623,0.2677360279411798
1137,1137,E129,0.07931833119914977
1138,1138,E4952,0.22429341430404975
1139,1139,E986,0.4115521612349487
1140,1140,E1865,0.05640364924241761
1141,1141,E2197,0.08669340452801133
1142,1142,E8280,0.04154748880985397
1143,1143,E4537,0.24669740913719854
1144,1144,E1111,0.13331947784889384
1145,1145,E9352,0.10854435359592575
1146,1146,E8585,0.266744935178761
1147,1147,E2125,0.09614163358013411
1148,1148,E2639,0.07989200472551199
1149,1149,E311,0.09352432563453543
1150,1150,E5091,0.09112666990842781
1151,1151,E7450,0.04893587387483822
1152,1152,E3795,0.2456712394642667
1153,1153,E7138,0.1348145818620788
1154,1154,E4534,0.20801592739796268
1155,1155,E1045,0.18866716176341716
1156,1156,E3198,0.09447037911801615
1157,1157,E3431,0.12475096650977525
1158,1158,E5393,0.1823850968546831
1159,1159,E5795,0.17861301151846407
1160,1160,E2328,0.13286322080822002
1161,1161,E2313,0.08196942431959653
1162,1162,E9327,0.12376250294384272
1163,1163,E1427,0.16098110547378358
1164,1164,E5169,0.127528558275077
1165,1165,E4381,0.21243189152237085
1166,1166,E1225,0.10408051523289
1167,1167,E4343,0.16474678357247857
1168,1168,E3014,0.07640613028939748
1169,1169,E5625,0.265544609816839
1170,1170,E1990,0.1653017212160541
1171,1171,E3131,0.26671965488298144
1172,1172,E9008,0.138168156274135
1173,1173,E5245,0.20900367650832827
1174,1174,E188,0.5027342957579469
1175,1175,E2704,0.23380750472815265
1176,1176,E3916,0.32678822684222597
1177,1177,E6320,0.09051747365127877
1178,1178,E3253,0.07270137524580415
1179,1179,E6471,0.27881208970388593
1180,1180,E5147,0.1180825411773894
1181,1181,E7062,0.1343997003721959
1182,1182,E1503,0.14429907096313344
1183,1183,E3138,0.28010591157911624
1184,1184,E1504,0.17451827233258355
1185,1185,E9131,0.10814399555880702
1186,1186,E6574,0.19269513078983647
1187,1187,E2565,0.122987175762631
1188,1188,E1872,0.10929578938297994
1189,1189,E3475,0.16679121246630543
1190,1190,E6215,0.10011573265680832
1191,1191,E6431,0.10096091644553028
1192,1192,E1713,0.30972740513693325
1193,1193,E8071,0.5361312068727471
1194,1194,E1550,0.14058645690830407
1195,1195,E5847,0.22025216783537496
1196,1196,E4480,0.11264292226364489
1197,1197,E3878,0.2690726314157567
1198,1198,E2892,0.09709133364482833
1199,1199,E3843,0.17058424563974625
1200,1200,E8269,0.09362238894782733
1201,1201,E8897,0.1753196857154543
1202,1202,E6241,0.08689683003266674
1203,1203,E749,0.17179444763542528
1204,1204,E4263,0.3733993194587815
1205,1205,E7411,0.11186716640909304
1206,1206,E6492,0.16073812199329948
1207,1207,E7016,0.18059834064779606
1208,1208,E470,0.141993202772618
1209,1209,E2673,0.15685335844071183
1210,1210,E1019,0.10793056767621487
1211,1211,E5432,0.12421075808216715
1212,1212,E7152,0.11069370457648685
1213,1213,E2643,0.10733782675968291
1214,1214,E7389,0.11052053769400126
1215,1215,E3400,0.054769837967650316
1216,1216,E6134,0.2628888984556077
1217,1217,E68,0.116144200361782
1218,1218,E4720,0.22157059556032965
1219,1219,E6635,0.23286750982787932
1220,1220,E1837,0.13007063690730222
1221,1221,E4659,0.3096333599217496
1222,1222,E4597,0.230487229661159
1223,1223,E2996,0.07936824592287642
1224,1224,E5668,0.1415771209973827
1225,1225,E154,0.1717761289946897
1226,1226,E8411,0.05258176921100717
1227,1227,E6281,0.11569217289806429
1228,1228,E5165,0.18006946062765689
1229,1229,E273,0.26403134148532087
1230,1230,E1613,0.31989010118725597
1231,1231,E5871,0.1616517963504878
1232,1232,E585,0.09163263590962505
1233,1233,E4377,0.4783571861278381
1234,1234,E5021,0.13782927570963785
1235,1235,E7467,0.0951822054884408
1236,1236,E3725,0.21535454634597814
1237,1237,E5792,0.25551954648692593
1238,1238,E600,0.1901920671472091
1239,1239,E3525,0.21109113277421676
1240,1240,E272,0.15981252480161054
1241,1241,E2076,0.13138910464176864
1242,1242,E2433,0.011570739365946173
1243,1243,E5004,0.1889798761072318
1244,1244,E5535,0.16613544513748285
1245,1245,E7434,0.07874842999818081
1246,1246,E8146,0.18915338021274497
1247,1247,E4822,0.1299208355796769
1248,1248,E6802,0.00992872614127075
1249,1249,E2277,0.08387988422116079
1250,1250,E6327,0.12441063988721066
1251,1251,E9144,0.17865100912333468
1252,1252,E9042,0.19835732261742955
1253,1253,E4667,0.2077923313837422
1254,1254,E8203,0.053821258169285
1255,1255,E1181,0.14192900465319766
1256,1256,E3358,0.29717245464458875
1257,1257,E685,0.08437479616582676
1258,1258,E4147,0.1567214756587046
1259,1259,E7053,0.1654414687249419
1260,1260,E4783,0.25393617577518257
1261,1261,E1185,0.2262080752043474
1262,1262,E7104,0.17354810454480846
1263,1263,E4501,0.14651184845110263
1264,1264,E6887,0.32359407318754796
1265,1265,E9058,0.20569399824630305
1266,1266,E6154,0.08065982726544886
1267,1267,E7304,0.037467290223671235
1268,1268,E3097,0.056219428303400765
1269,1269,E457,0.1360542308584036
1270,1270,E9167,0.4442214708004067
1271,1271,E8688,0.022245345687782827
1272,1272,E3824,0.08188252937572654
1273,1273,E4168,0.5245928066235815
1274,1274,E8933,0.03470417047033284
1275,1275,E8794,0.33153077717973595
1276,1276,E7529,0.13843267058758357
1277,1277,E3216,0.2582713206858618
1278,1278,E5434,0.05750401941270654
1279,1279,E2932,0.21827235430301956
1280,1280,E4964,0.12348308222944614
1281,1281,E9306,0.31517479161160117
1282,1282,E8863,0.26934233553444326
1283,1283,E7210,0.1426521022746459
1284,1284,E6929,0.11735567123054787
1285,1285,E3433,0.1725229865504711
1286,1286,E8576,0.24780428942661317
1287,1287,E1192,0.20038455313684975
1288,1288,E4461,0.11167161134696273
1289,1289,E1516,0.30182746988604076
1290,1290,E6671,0.19690215952825724
1291,1291,E7257,0.3557494262807485
1292,1292,E8137,0.2029565474525727
1293,1293,E1596,0.11803298082362391
1294,1294,E572,0.12939429325815263
1295,1295,E7359,0.1752903358807656
1296,1296,E2527,0.24506818180934853
1297,1297,E2582,0.03877835048281993
1298,1298,E7631,0.15608842801690978
1299,1299,E7607,0.05998470630697825
1300,1300,E6032,0.07174146132432536
1301,1301,E2953,0.558623411248009
1302,1302,E493,0.3008590682324271
1303,1303,E7337,0.21035527211852123
1304,1304,E1685,0.20067105553482553
1305,1305,E194,0.1743499523166639
1306,1306,E7287,0.03943603826820635
1307,1307,E3737,0.4606225699508585
1308,1308,E2672,0.04547860623962282
1309,1309,E5131,0.38598682626239894
1310,1310,E5583,0.03192729887624256
1311,1311,E1621,0.0574808024646042
1312,1312,E8517,0.26750282964414007
1313,1313,E4238,0.20830575058541348
1314,1314,E5313,0.18491763607617892
1315,1315,E9372,0.14954587260848
1316,1316,E7614,0.09653906520725077
1317,1317,E7901,0.19321116775670488
1318,1318,E3231,0.2354095427349482
1319,1319,E3469,0.3700682418236162
1320,1320,E8075,0.1939603572954567
1321,1321,E3328,0.09640454179746824
1322,1322,E916,0.2213045894636574
1323,1323,E6308,0.0829202332193306
1324,1324,E1915,0.15978023140998618
1325,1325,E741,0.1313834118598115
1326,1326,E9077,0.14887547894529166
1327,1327,E9022,0.04253546654600102
1328,1328,E6528,0.09653480133642743
1329,1329,E1714,0.17741645848193532
1330,1330,E5237,0.09722686300804906
1331,1331,E3314,0.10318244458528299
1332,1332,E8429,0.16185726805588682
1333,1333,E8654,0.21041600084170864
1334,1334,E7992,0.0809059886442946
1335,1335,E4508,0.12862549334300022
1336,1336,E2139,0.11387881036586549
1337,1337,E9072,0.11618235800469957
1338,1338,E5117,0.11626916149825697
1339,1339,E7922,0.08820894768605446
1340,1340,E2702,0.17935192432834143
1341,1341,E6741,0.27007679014158315
1342,1342,E5950,0.06968107435095597
1343,1343,E610,0.15428368467667022
1344,1344,E8410,0.1622249440375528
1345,1345,E8774,0.11747542541485119
1346,1346,E7679,0.22454550852192312
1347,1347,E5120,0.4936250444362784
1348,1348,E8920,0.1576080178512839
1349,1349,E8444,0.049166351525079144
1350,1350,E7172,0.18634942217920197
1351,1351,E7418,0.2435832002026356
1352,1352,E3292,0.15609070284343485
1353,1353,E4169,0.23716075906411488
1354,1354,E3209,0.1395176370958499
1355,1355,E5676,0.21014956035605173
1356,1356,E8635,0.42253311467258764
1357,1357,E5564,0.11039699975301556
1358,1358,E1696,0.2172722594004577
1359,1359,E8295,0.07288964857679651
1360,1360,E731,0.15213021271639918
1361,1361,E3332,0.34229045515483575
1362,1362,E7079,0.22389557115052652
1363,1363,E57,0.3402420481724124
1364,1364,E8322,0.09002152145930738
1365,1365,E4439,0.31467032882491675
1366,1366,E1277,0.17187881626441065
1367,1367,E3164,0.05100694338784405
1368,1368,E7906,0.04976920913243855
1369,1369,E819,0.05962590100563108
1370,1370,E3859,0.35318579966862523
1371,1371,E3302,0.15447921687622237
1372,1372,E1426,0.28032909606693013
1373,1373,E5780,0.11825601670467989
1374,1374,E2946,0.4136562614577239
1375,1375,E2082,0.18778448906218825
1376,1376,E4747,0.0750360331378438
1377,1377,E2713,0.22609843199522703
1378,1378,E4399,0.23358410304584637
1379,1379,E675,0.268890622431175
1380,1380,E8201,0.24795875472017928
1381,1381,E6027,0.09269932950231208
1382,1382,E7580,0.3015748726914483
1383,1383,E5678,0.3912248429620948
1384,1384,E6421,0.09059571510932232
1385,1385,E7954,0.16387039236459391
1386,1386,E8452,0.20733292502292944
1387,1387,E4963,0.14698712144114534
1388,1388,E2910,0.2554799999423863
1389,1389,E1856,0.156328913760732
1390,1390,E9236,0.04055185782567417
1391,1391,E5024,0.27294094534337177
1392,1392,E7489,0.24202566420419172
1393,1393,E1571,0.10372223005519551
1394,1394,E5801,0.17096774252548588
1395,1395,E5579,0.26343854912798814
1396,1396,E6200,0.21036370269421079
1397,1397,E3954,0.15104714380211853
1398,1398,E4492,0.20680931482705178
1399,1399,E952,0.260272807942295
1400,1400,E7116,0.1230773286238861
1401,1401,E80,0.18207823533087258
1402,1402,E8382,0.13968229909926702
1403,1403,E8164,0.1217138673356379
1404,1404,E2219,0.25886605064669205
1405,1405,E3539,0.3640961706118979
1406,1406,E1776,0.05952568289434935
1407,1407,E5413,0.12988068889246104
1408,1408,E8388,0.03743723736470469
1409,1409,E6152,0.20747341556560683
1410,1410,E5337,0.18592446400800336
1411,1411,E7769,0.7389773166416089
1412,1412,E6756,0.44019674254443897
1413,1413,E6447,0.40108944528732415
1414,1414,E1448,0.11619500101041165
1415,1415,E1393,0.1492349872709167
1416,1416,E3888,0.13682574570471026
1417,1417,E8373,0.4087321422402615
1418,1418,E9292,0.12700857179783473
1419,1419,E4022,0.6011488925630069
1420,1420,E6053,0.43115745071188244
1421,1421,E5090,0.08454177300528062
1422,1422,E9044,0.13123247883456818
1423,1423,E4013,0.08708770969756717
1424,1424,E280,0.07234271283557034
1425,1425,E246,0.139067764430122
1426,1426,E3187,0.27839890576043
1427,1427,E5677,0.2925961666909658
1428,1428,E75,0.1322664503622907
1429,1429,E7078,0.15566305831930466
1430,1430,E4208,0.05983626530275231
1431,1431,E7335,0.22234655146244023
1432,1432,E8376,0.24274305761239373
1433,1433,E1263,0.10608129374940085
1434,1434,E5755,0.17201661473851187
1435,1435,E3095,0.19381555715679974
1436,1436,E2790,0.08121709689199483
1437,1437,E4285,0.07957279169386074
1438,1438,E3039,0.29282983367085735
1439,1439,E7245,0.1688467468574643
1440,1440,E4024,0.20975321470139677
1441,1441,E2097,0.2211253639979644
1442,1442,E254,0.078891566884278
1443,1443,E635,0.05279907801623879
1444,1444,E1328,0.10488801577719083
1445,1445,E8355,0.43278195120170165
1446,1446,E277,0.24328210004851666
1447,1447,E102,0.07175000049726106
1448,1448,E7223,0.11173128267591113
1449,1449,E4342,0.11037644057962213
1450,1450,E4004,0.21297130547538856
1451,1451,E1966,0.2751420000443991
1452,1452,E6558,0.3143987213965999
1453,1453,E6061,0.07360654472392397
1454,1454,E3751,0.11033548798652681
1455,1455,E1698,0.09126552006112355
1456,1456,E7691,0.05546123662450586
1457,1457,E5499,0.1127918090881446
1458,1458,E4656,0.24142421264538796
1459,1459,E7749,0.15499249318678024
1460,1460,E713,0.09371812027814887
1461,1461,E9238,0.15807193957127955
1462,1462,E3345,0.14643400708817655
1463,1463,E2184,0.03285888034775993
1464,1464,E8613,0.06732041027628077
1465,1465,E8980,0.18250378792910288
1466,1466,E152,0.16266767786325614
1467,1467,E4912,0.03932780110764161
1468,1468,E5430,0.4957062820809125
1469,1469,E817,0.1872669717433852
1470,1470,E6469,0.12610844923383957
1471,1471,E560,0.2000818125927492
1472,1472,E2318,0.16680775354159053
1473,1473,E830,0.6596604029223039
1474,1474,E3218,0.07903286904847938
1475,1475,E5925,0.10636138890985261
1476,1476,E8323,0.055583780043342426
1477,1477,E2864,0.232788331004132
1478,1478,E9176,0.0945761585514307
1479,1479,E4260,0.0885678615846478
1480,1480,E4608,0.05843727556807275
1481,1481,E7019,0.2107331848195499
1482,1482,E6195,0.67765199447759
1483,1483,E446,0.13523849407032745
1484,1484,E2000,0.25605623979314485
1485,1485,E6270,0.2803435966571161
1486,1486,E5498,0.25923877925812716
1487,1487,E2810,0.1767259400343382
1488,1488,E7553,0.13512785633905788
1489,1489,E8524,0.353639536110059
1490,1490,E1987,0.43128216607564235
1491,1491,E7550,0.1533286119061128
1492,1492,E16,0.12331267028762655
1493,1493,E727,0.15168926788743536
1494,1494,E4148,0.12064638498400498
1495,1495,E1609,0.05420323469357824
1496,1496,E8960,0.27022822042790107
1497,1497,E378,0.07901669377444451
1498,1498,E9180,0.1791342554375041
1499,1499,E3049,0.19042970078440818
1500,1500,E7300,0.1808021605319244
1501,1501,E3031,0.1746007605145168
1502,1502,E7351,0.1246962392133499
1503,1503,E2991,0.32578139319475696
1504,1504,E857,0.12441712714375823
1505,1505,E6815,0.18980256311906288
1506,1506,E6828,0.2676100837138447
1507,1507,E2942,0.10677573312914916
1508,1508,E1211,0.22242085484139898
1509,1509,E4287,0.07291765523501942
1510,1510,E2430,0.42858352450830656
1511,1511,E4026,0.22856785906976423
1512,1512,E4536,0.08389835146865428
1513,1513,E5687,0.05317116647548598
1514,1514,E4697,0.2626895710680841
1515,1515,E398,0.03727106643113029
1516,1516,E8321,0.14016312769579803
1517,1517,E9121,0.24252954399513357
1518,1518,E1788,0.08938625614743288
1519,1519,E410,0.017508242359514998
1520,1520,E3527,0.21549475110642874
1521,1521,E489,0.12414553686237496
1522,1522,E3818,0.22117676478927026
1523,1523,E6631,0.15925193438558957
1524,1524,E8257,0.34306510217434777
1525,1525,E6291,0.16849889273104676
1526,1526,E3005,0.2745874853585192
1527,1527,E4610,0.291105783800167
1528,1528,E8555,0.21456347827971628
1529,1529,E6230,0.061401123041845904
1530,1530,E7445,0.12298360348479646
1531,1531,E6607,0.10830516530341305
1532,1532,E8838,0.13031048821458102
1533,1533,E8343,0.17152689259908396
1534,1534,E9229,0.1884978586566374
1535,1535,E6709,0.12250841622942177
1536,1536,E7312,0.37577150627283984
1537,1537,E7325,0.16874847778096913
1538,1538,E2796,0.4714892962324598
1539,1539,E8350,0.08784837625054585
1540,1540,E4497,0.11382663796254738
1541,1541,E5072,0.20912937496294834
1542,1542,E375,0.05545200585858138
1543,1543,E850,0.18754318026555294
1544,1544,E1287,0.05314921840047047
1545,1545,E6138,0.26833041496333787
1546,1546,E3880,0.1494038045479109
1547,1547,E2137,0.12232771612743866
1548,1548,E9253,0.2575001087687155
1549,1549,E1398,0.19620056416155068
1550,1550,E90,0.1191743207339418
1551,1551,E1047,0.06817166979514375
1552,1552,E940,0.13628929245556182
1553,1553,E3481,0.1390231252463014
1554,1554,E1469,0.17494714572028883
1555,1555,E6412,0.12528874578845592
1556,1556,E6380,0.1517310606802774
1557,1557,E2757,0.5304407111734152
1558,1558,E2624,0.323287954697527
1559,1559,E5838,0.14593936949444827
1560,1560,E9181,0.13666277553207562
1561,1561,E2530,0.22181185291616415
1562,1562,E7822,0.1350368804249897
1563,1563,E8715,0.3189966487804335
1564,1564,E3690,0.17362975824263957
1565,1565,E2418,0.1215434725407519
1566,1566,E7474,0.3480805002350387
1567,1567,E5421,0.09661184822476308
1568,1568,E6933,0.16924572170860552
1569,1569,E5483,0.2206800009757748
1570,1570,E964,0.09584398567531448
1571,1571,E346,0.07196516022014741
1572,1572,E4719,0.3347320125179931
1573,1573,E6000,0.07376737152985786
1574,1574,E5789,0.24204719503715613
1575,1575,E2950,0.06585741103845054
1576,1576,E9285,0.11601958216397913
1577,1577,E1412,0.7219403520366064
1578,1578,E1404,0.029264082873736448
1579,1579,E9036,0.07468528689529137
1580,1580,E607,0.11429569233133573
1581,1581,E7329,0.049687452553005794
1582,1582,E7514,0.19236839596997676
1583,1583,E8185,0.14240699257439465
1584,1584,E4712,0.08925205281374435
1585,1585,E5907,0.09710482828157614
1586,1586,E4239,0.3735401700870646
1587,1587,E8533,0.11760453039361425
1588,1588,E5584,0.6214945294765962
1589,1589,E4157,0.18435404494677696
1590,1590,E2850,0.24145814642699398
1591,1591,E2677,0.24722120794934585
1592,1592,E5102,0.07664289514862721
1593,1593,E8575,0.15334619322870335
1594,1594,E5309,0.12902356512230484
1595,1595,E711,0.10481334088133729
1596,1596,E4301,0.4769281606811256
1597,1597,E4736,0.1064081028726395
1598,1598,E4411,0.2512964910812282
1599,1599,E6644,0.05797167344858374
1600,1600,E6203,0.7725605577682594
1601,1601,E5078,0.29749167339188454
1602,1602,E2594,0.08803555789343198
1603,1603,E7554,0.2614543917057858
1604,1604,E4684,0.36343050950238476
1605,1605,E3598,0.16759386614404032
1606,1606,E3171,0.24998392189192223
1607,1607,E4407,0.08956054329624741
1608,1608,E5030,0.13984279439781785
1609,1609,E523,0.022562483940467767
1610,1610,E8084,0.2819772421781919
1611,1611,E2626,0.20978410776011003
1612,1612,E3172,0.2136742211559827
1613,1613,E5851,0.20356058248270634
1614,1614,E1938,0.17978668482991805
1615,1615,E8082,0.11889810078048497
1616,1616,E2821,0.09370718053450831
1617,1617,E2988,0.056414280341253245
1618,1618,E9111,0.2787280697292172
1619,1619,E7758,0.2517095035553481
1620,1620,E7714,0.2851397311621444
1621,1621,E1230,0.3039198644688078
1622,1622,E9132,0.10688841706116237
1623,1623,E4273,0.11899379210129475
1624,1624,E6503,0.06996128382429843
1625,1625,E5223,0.02912824486571081
1626,1626,E2644,0.1387946080621361
1627,1627,E8357,0.1477776350898873
1628,1628,E5861,0.04882288129802013
1629,1629,E7184,0.5235339263169743
1630,1630,E2059,0.03475466818980211
1631,1631,E5978,0.11888606934873819
1632,1632,E8101,0.11848800328507811
1633,1633,E2051,0.1512375547841671
1634,1634,E6512,0.036547580145853645
1635,1635,E6144,0.3499657312816242
1636,1636,E9274,0.1086073057048374
1637,1637,E3841,0.1598306776886546
1638,1638,E208,0.4414790473959306
1639,1639,E626,0.048246818632242144
1640,1640,E2054,0.1409287154187216
1641,1641,E3495,0.28230023325088094
1642,1642,E4916,0.19638435642722743
1643,1643,E3854,0.1268609938559336
1644,1644,E1296,0.27320755729836477
1645,1645,E8090,0.14126530972540466
1646,1646,E4581,0.09704245345276255
1647,1647,E5464,0.18537413317392323
1648,1648,E6728,0.11108195687847983
1649,1649,E2020,0.3198571790747327
1650,1650,E4391,0.17102766534279382
1651,1651,E3735,0.18529065618548538
1652,1652,E366,0.08689868190149616
1653,1653,E9343,0.21182962262639857
1654,1654,E769,0.08523626382582976
1655,1655,E6921,0.033715901236314495
1656,1656,E740,0.23142859631612078
1657,1657,E2625,0.16971882846936936
1658,1658,E8057,0.11175519121700223
1659,1659,E1548,0.09145132423367668
1660,1660,E4326,0.14754512838583636
1661,1661,E2237,0.15780989441627025
1662,1662,E8813,0.10023505245212695
1663,1663,E8936,0.2837070248403512
1664,1664,E1468,0.24470939365493496
1665,1665,E7641,0.26764738972572655
1666,1666,E1429,0.688049037669504
1667,1667,E7228,0.30465728549546145
1668,1668,E4202,0.06584946057690194
1669,1669,E1766,0.10866646262577762
1670,1670,E6290,0.06852453082617423
1671,1671,E1409,0.10328333142697535
1672,1672,E270,0.12905898497149002
1673,1673,E103,0.12096403192905357
1674,1674,E5598,0.16052987248465628
1675,1675,E9143,0.10364480021867596
1676,1676,E3370,0.29002138314070963
1677,1677,E7143,0.26876953078605037
1678,1678,E849,0.12234901261897714
1679,1679,E2511,0.12270322254211795
1680,1680,E9262,0.09008658264105256
1681,1681,E2294,0.20281691997222015
1682,1682,E5202,0.31105101123583684
1683,1683,E5345,0.13948891026641558
1684,1684,E9107,0.10956653946461649
1685,1685,E2708,0.30900363878507436
1686,1686,E4181,0.09408534472389651
1687,1687,E679,0.10527167841662197
1688,1688,E5593,0.21166871580144114
1689,1689,E8935,0.18806634464115685
1690,1690,E1998,0.1677311845040006
1691,1691,E6104,0.1902368720847212
1692,1692,E7430,0.2449939012929679
1693,1693,E11,0.19265755042701693
1694,1694,E6813,0.14842929858593354
1695,1695,E8273,0.13487408743733567
1696,1696,E9137,0.08755080836474974
1697,1697,E4642,0.15967629241411196
1698,1698,E8279,0.07738782653220026
1699,1699,E2398,0.1091231197615689
1700,1700,E5799,0.07691793196366524
1701,1701,E8523,0.2869389360428293
1702,1702,E7231,0.30791598020823185
1703,1703,E1017,0.15126723612623882
1704,1704,E4666,0.06267251672791971
1705,1705,E3221,0.5404272567748049
1706,1706,E317,0.23184312343604246
1707,1707,E8600,0.3095631146504109
1708,1708,E1006,0.043779602323286045
1709,1709,E9205,0.04208111853060199
1710,1710,E3230,0.25477020262577166
1711,1711,E7269,0.1350720087763036
1712,1712,E7388,0.09008550809987993
1713,1713,E344,0.0880504128535792
1714,1714,E4924,0.08577019647573814
1715,1715,E2896,0.1049617132978288
1716,1716,E7874,0.08906983235031485
1717,1717,E5815,0.11802140664343996
1718,1718,E3374,0.5341485069399012
1719,1719,E4213,0.20106482343379506
1720,1720,E8245,0.1412682932918521
1721,1721,E8917,0.35712603926707237
1722,1722,E5756,0.15821894023308258
1723,1723,E5998,0.46278479827855756
1724,1724,E1940,0.12630484449571655
1725,1725,E2033,0.474731352703988
1726,1726,E6194,0.19578827757428688
1727,1727,E7344,0.19293670250612036
1728,1728,E104,0.10910985946624703
1729,1729,E8835,0.5979945426568725
1730,1730,E1141,0.16558256512594
1731,1731,E1482,0.09017648972959262
1732,1732,E7449,0.08774063635105571
1733,1733,E1508,0.32553005344196223
1734,1734,E8177,0.1584153983670495
1735,1735,E5868,0.09363588358457517
1736,1736,E2608,0.0845885955653137
1737,1737,E3303,0.05838438299354322
1738,1738,E3529,0.26262300667182614
1739,1739,E7565,0.22439309514474512
1740,1740,E2104,0.1844865678809721
1741,1741,E7042,0.16276291193250308
1742,1742,E8814,0.46485603354525495
1743,1743,E3436,0.20119352260179615
1744,1744,E6074,0.2720875024482963
1745,1745,E4341,0.20413627934723405
1746,1746,E6816,0.1273488469795985
1747,1747,E2160,0.03570853495936257
1748,1748,E4371,0.02887809968262397
1749,1749,E611,0.20924286480084098
1750,1750,E6742,0.16838181346838593
1751,1751,E3655,0.127472756437479
1752,1752,E1134,0.11948135372708835
1753,1753,E6975,0.2881880158526373
1754,1754,E6084,0.13514684942584865
1755,1755,E2678,0.1443357368228273
1756,1756,E8988,0.17932353472193469
1757,1757,E5510,0.09373645035017354
1758,1758,E6488,0.3042841167793971
1759,1759,E5758,0.17168506734595348
1760,1760,E3960,0.16944923294792896
1761,1761,E1983,0.28373253376191215
1762,1762,E6019,0.2685373613050271
1763,1763,E9069,0.12747595719841875
1764,1764,E3360,0.03616200276550318
1765,1765,E6286,0.272674613454961
1766,1766,E8614,0.15642554816289012
1767,1767,E7111,0.2618891522073625
1768,1768,E2348,0.2649312468548237
1769,1769,E4003,0.4648914133849284
1770,1770,E6937,0.11771229315568255
1771,1771,E812,0.33122992279833197
1772,1772,E1197,0.15290668874216246
1773,1773,E859,0.10153800221168009
1774,1774,E5360,0.3209802460694713
1775,1775,E63,0.1081191782302348
1776,1776,E8448,0.3873690120021448
1777,1777,E6487,0.21097984917511475
1778,1778,E1810,0.6176250381262068
1779,1779,E4917,0.05600769796723559
1780,1780,E2939,0.20019102141288492
1781,1781,E1366,0.1748196811315074
1782,1782,E5242,0.10054165105628882
1783,1783,E8852,0.12800150499779386
1784,1784,E8217,0.13299468063253161
1785,1785,E7416,0.14806732110186926
1786,1786,E2962,0.17129948424995847
1787,1787,E1362,0.2017137034109526
1788,1788,E1523,0.3084494498909329
1789,1789,E5438,0.16008876190200097
1790,1790,E5252,0.41596463881619034
1791,1791,E6807,0.2525072932195835
1792,1792,E4107,0.17126721372091225
1793,1793,E2785,0.07533927665866345
1794,1794,E8183,0.1708336763672662
1795,1795,E1242,0.23677789661491863
1796,1796,E9320,0.3664091433485707
1797,1797,E823,0.08483267073390406
1798,1798,E8709,0.15906259222906913
1799,1799,E2279,0.25225979437991647
1800,1800,E7613,0.19499629500489932
1801,1801,E2766,0.12399443808344013
1802,1802,E3340,0.08999270317956047
1803,1803,E2375,0.10858180821456548
1804,1804,E1007,0.3499657312816242
1805,1805,E1036,0.04124178756188414
1806,1806,E3073,0.12747279644699072
1807,1807,E8782,0.187423654707031
1808,1808,E5736,0.13458608754049162
1809,1809,E1176,0.03315935749662451
1810,1810,E1986,0.27006782229530724
1811,1811,E7891,0.1585622618533837
1812,1812,E3885,0.11899799881567272
1813,1813,E7523,0.2964948878475086
1814,1814,E94,0.10856624451449588
1815,1815,E9054,0.08357310271637379
1816,1816,E1106,0.1327836590362888
1817,1817,E3294,0.09224436419730321
1818,1818,E5378,0.44679145320925323
1819,1819,E625,0.11036921600492952
1820,1820,E2166,0.24798506383197524
1821,1821,E5033,0.20880876159838593
1822,1822,E6922,0.21509245546581257
1823,1823,E8243,0.06488711750649566
1824,1824,E2261,0.037883206245215004
1825,1825,E8387,0.1720128938539194
1826,1826,E919,0.1584963890501145
1827,1827,E2523,0.036382317999760355
1828,1828,E8283,0.17838524308373288
1829,1829,E465,0.11638717241097706
1830,1830,E4161,0.05218278864422145
1831,1831,E2737,0.13541538755305002
1832,1832,E3042,0.1616320487986184
1833,1833,E789,0.13493721101558337
1834,1834,E1567,0.0968142677759803
1835,1835,E3386,0.13301101022896894
1836,1836,E5771,0.07101081905209054
1837,1837,E614,0.09980120645367599
1838,1838,E6370,0.1574940307523167
1839,1839,E5543,0.08559501197073159
1840,1840,E9302,0.11369506382534507
1841,1841,E993,0.07714741509175702
1842,1842,E5343,0.1570189635254772
1843,1843,E2506,0.14312579774679687
1844,1844,E2161,0.09032633678237423
1845,1845,E7701,0.2516001061189427
1846,1846,E8232,0.03209634477901821
1847,1847,E10,0.13390503420024497
1848,1848,E5486,0.17987531161408224
1849,1849,E2112,0.11770956107759468
1850,1850,E324,0.20241552740344051
1851,1851,E7974,0.32173734606025994
1852,1852,E2695,0.3401995809335152
1853,1853,E7479,0.12440521002490214
1854,1854,E6705,0.16446538524507276
1855,1855,E3661,0.15666691411597072
1856,1856,E1733,0.29171835800323637
1857,1857,E2880,0.12189106946316539
1858,1858,E5002,0.04676942168582752
1859,1859,E3079,0.2669639015209079
1860,1860,E7392,0.13120895895730547
1861,1861,E4193,0.2779477127808145
1862,1862,E500,0.12700722862136893
1863,1863,E9154,0.07108569399550278
1864,1864,E8735,0.07714059061218188
1865,1865,E6780,0.30054253583806284
1866,1866,E8264,0.1413356921722122
1867,1867,E5977,0.14051526855561708
1868,1868,E8240,0.09677018300967961
1869,1869,E4551,0.11133036450562796
1870,1870,E6242,0.12107053153367958
1871,1871,E4243,0.11342709726259721
1872,1872,E917,0.18652716729296032
1873,1873,E1701,0.09915420120792601
1874,1874,E478,0.18002634180528268
1875,1875,E3296,0.16072041492652916
1876,1876,E903,0.1164260216468834
1877,1877,E5057,0.21973141546176497
1878,1878,E3364,0.10542931589290519
1879,1879,E2344,0.3864928894295533
1880,1880,E4227,0.10986111235267612
1881,1881,E9179,0.1694114696844843
1882,1882,E5003,0.2539593469981286
1883,1883,E5081,0.24876576371905007
1884,1884,E4705,0.1339829841604172
1885,1885,E1012,0.0479088011300698
