,id,prob
0,E10559,0.49929425
1,E4849,0.5045907
2,E3964,0.50601655
3,E542,0.509898
4,E331,0.49192014
5,E10471,0.51874244
6,E9186,0.51198536
7,E5576,0.4917477
8,E9705,0.49879593
9,E7309,0.5022447
10,E476,0.5037167
11,E5217,0.48409727
12,E7653,0.49354675
13,E1530,0.50446826
14,E10379,0.50259835
15,E1516,0.50711167
16,E9418,0.5262955
17,E9388,0.50065225
18,E10737,0.6731668
19,E5290,0.5053061
20,E6010,0.5067877
21,E4307,0.4902691
22,E4548,0.5025739
23,E3030,0.49315223
24,E68,0.5302963
25,E5739,0.5072896
26,E2394,0.50593686
27,E3629,0.47929886
28,E8652,0.5333255
29,E5779,0.5043287
30,E10269,0.506633
31,E7456,0.4980109
32,E9199,0.4881357
33,E1606,0.6102731
34,E9077,0.51068044
35,E9576,0.50473803
36,E2810,0.51400554
37,E1091,0.47530186
38,E2755,0.48392105
39,E1405,0.49898237
40,E2213,0.4503464
41,E1321,0.59243876
42,E10797,0.51157755
43,E7340,0.50409263
44,E9659,0.7800715
45,E1678,0.49882096
46,E9591,0.5031613
47,E6377,0.64577854
48,E10130,0.50801224
49,E5582,0.58308506
50,E9510,0.48676658
51,E4237,0.4416117
52,E10470,0.54438615
53,E7528,0.5271028
54,E2567,0.51047605
55,E6083,0.49872938
56,E6735,0.5027908
57,E6800,0.49941543
58,E2293,0.43954992
59,E1633,0.5029424
60,E10659,0.5202141
61,E543,0.5055905
62,E7177,0.49843338
63,E4126,0.50075454
64,E2850,0.5243143
65,E2078,0.4997848
66,E5746,0.5431642
67,E2445,0.5093768
68,E2958,0.51014954
69,E3497,0.49299607
70,E5069,0.74457604
71,E8995,0.49323887
72,E8220,0.5216538
73,E4354,0.5249216
74,E7578,0.49037117
75,E2122,0.5160233
76,E6661,0.500638
77,E2582,0.5061947
78,E1836,0.48894954
79,E7881,0.5084833
80,E6685,0.45556623
81,E113,0.50536454
82,E1161,0.5037572
83,E8062,0.5131696
84,E5637,0.49413046
85,E4470,0.5039601
86,E6905,0.503726
87,E7553,0.49868917
88,E7773,0.49596858
89,E1991,0.47553053
90,E3997,0.4981683
91,E5326,0.5018751
92,E3076,0.50040454
93,E2018,0.48229626
94,E594,0.5052816
95,E2971,0.5043029
96,E6692,0.55389667
97,E3383,0.53155905
98,E8755,0.5742906
99,E1494,0.55951107
100,E7725,0.50402224
101,E8265,0.6121865
102,E8021,0.48496184
103,E7110,0.5030309
104,E8495,0.5109628
105,E6551,0.4990548
106,E10716,0.5039562
107,E9434,0.47610265
108,E2128,0.5430263
109,E8123,0.49860877
110,E1658,0.6241763
111,E7504,0.45828038
112,E8552,0.4945614
113,E798,0.5057424
114,E5976,0.6106066
115,E6501,0.4991542
116,E8648,0.50589323
117,E7213,0.48374552
118,E6667,0.48799837
119,E6701,0.49251327
120,E4011,0.48851752
121,E6880,0.50122833
122,E2679,0.5004757
123,E10280,0.4786968
124,E6213,0.50454265
125,E7717,0.49617663
126,E5342,0.50066984
127,E3783,0.7815761
128,E4763,0.500161
129,E8563,0.4891148
130,E8256,0.49792805
131,E7562,0.49647427
132,E8807,0.62520677
133,E1160,0.49121937
134,E6757,0.5735963
135,E4130,0.5011559
136,E10778,0.5043553
137,E6789,0.5127837
138,E1448,0.49977884
139,E1869,0.49205554
140,E10537,0.5107746
141,E8348,0.5010132
142,E5158,0.5007685
143,E5939,0.507959
144,E10623,0.49727926
145,E4941,0.5081899
146,E9068,0.49796662
147,E9894,0.4947166
148,E1121,0.5030195
149,E5634,0.48015285
150,E3890,0.50741357
151,E10467,0.5118668
152,E3728,0.49867457
153,E3943,0.49978963
154,E6303,0.5058805
155,E9052,0.6100116
156,E533,0.50107753
157,E132,0.51536554
158,E1580,0.51908237
159,E4034,0.50289714
160,E9422,0.8361022
161,E2575,0.46745437
162,E1043,0.5023027
163,E8480,0.50684
164,E10111,0.5534015
165,E330,0.49625716
166,E7838,0.5040501
167,E9529,0.51985484
168,E5397,0.5264651
169,E6862,0.526177
170,E3740,0.600293
171,E118,0.49003217
172,E8133,0.50577533
173,E8441,0.49903068
174,E4814,0.46999985
175,E5592,0.48746797
176,E4117,0.5060442
177,E7793,0.49332914
178,E2368,0.5126031
179,E9954,0.5003117
180,E10307,0.54525805
181,E7729,0.5062349
182,E1123,0.5064667
183,E5155,0.65795976
184,E5224,0.5976387
185,E2789,0.49969524
186,E8483,0.50385576
187,E10552,0.5037588
188,E8884,0.5081291
189,E10377,0.5036198
190,E10193,0.5029642
191,E5811,0.48153618
192,E8541,0.50059444
193,E486,0.49962252
194,E8888,0.62396395
195,E6532,0.56400466
196,E4165,0.6984148
197,E3160,0.5133577
198,E982,0.4988069
199,E5505,0.69629884
200,E741,0.5054447
201,E8115,0.5009852
202,E7410,0.5060185
203,E687,0.4699991
204,E10385,0.5451934
205,E3446,0.5020262
206,E1295,0.5059157
207,E10695,0.51065695
208,E4417,0.5016031
209,E5099,0.6613476
210,E8638,0.49927205
211,E8886,0.5053258
212,E398,0.5030497
213,E7150,0.49841538
214,E7724,0.50567114
215,E2655,0.504806
216,E9266,0.5281383
217,E7954,0.49498513
218,E3814,0.7979207
219,E2045,0.49700662
220,E1948,0.50339615
221,E637,0.49916157
222,E4060,0.5013537
223,E2249,0.5201267
224,E4486,0.5066555
225,E7770,0.6498345
226,E6717,0.5018968
227,E10268,0.5108725
228,E2382,0.5037129
229,E4614,0.38829175
230,E4396,0.5985476
231,E9562,0.50092864
232,E7088,0.52521384
233,E1890,0.50463265
234,E1764,0.49693897
235,E9819,0.50825137
236,E4640,0.5567165
237,E8385,0.5384789
238,E2514,0.4768004
239,E8377,0.500546
240,E3496,0.5032132
241,E1432,0.47758508
242,E8278,0.48903152
243,E8219,0.5034596
244,E380,0.5049428
245,E416,0.43148196
246,E7152,0.5066319
247,E1463,0.50756603
248,E7247,0.49288112
249,E3418,0.8580778
250,E8092,0.4981176
251,E4181,0.47790918
252,E10669,0.47630125
253,E6786,0.54378
254,E3287,0.70730305
255,E8885,0.5131727
256,E7338,0.5045368
257,E4890,0.5945664
258,E8264,0.50198555
259,E5638,0.499972
260,E5846,0.48813355
261,E1646,0.5046043
262,E8763,0.51980156
263,E3816,0.5055797
264,E6732,0.5175126
265,E1303,0.7342666
266,E9350,0.5064922
267,E10419,0.5004793
268,E4563,0.4936902
269,E647,0.6477133
270,E344,0.5189859
271,E9536,0.49291402
272,E2617,0.52075845
273,E10825,0.49208012
274,E1078,0.4956595
275,E6851,0.4990859
276,E8879,0.46918324
277,E6705,0.50864244
278,E4207,0.489342
279,E4483,0.5203328
280,E9584,0.500609
281,E9846,0.5114761
282,E9459,0.73378396
283,E1668,0.49037483
284,E4090,0.51022625
285,E6989,0.49946317
286,E564,0.49450368
287,E9169,0.46454868
288,E5313,0.49450135
289,E2354,0.53371906
290,E5456,0.49509147
291,E3361,0.50956804
292,E9856,0.49906048
293,E6670,0.5029625
294,E4170,0.5155751
295,E7122,0.44787112
296,E3031,0.49545312
297,E6175,0.5075987
298,E4828,0.5698021
299,E817,0.51612866
300,E7319,0.56214607
301,E9935,0.50250447
302,E4198,0.48552474
303,E5379,0.5003994
304,E9930,0.48511812
305,E3910,0.49660847
306,E9816,0.5123772
307,E6957,0.5026011
308,E10243,0.5032625
309,E4518,0.49564576
310,E9633,0.5048345
311,E3538,0.5316466
312,E2286,0.4956666
313,E402,0.49565288
314,E5129,0.50109273
315,E4101,0.5023167
316,E3255,0.53764546
317,E5177,0.50720227
318,E10847,0.65995723
319,E2008,0.57840693
320,E3681,0.4888847
321,E3359,0.50992054
322,E3636,0.5044532
323,E2480,0.5313308
324,E8321,0.5022283
325,E1642,0.50492656
326,E8054,0.49274117
327,E5026,0.53371173
328,E1942,0.5170834
329,E9332,0.51598656
330,E5820,0.50797474
331,E112,0.49471125
332,E7151,0.50287557
333,E7897,0.5386911
334,E4685,0.6272731
335,E7427,0.5390065
336,E5077,0.5065652
337,E9841,0.50155115
338,E5903,0.51292807
339,E6297,0.7267043
340,E8018,0.49978104
341,E5032,0.4881085
342,E9927,0.5008091
343,E5135,0.5064495
344,E7852,0.49120808
345,E231,0.5002509
346,E3393,0.50815177
347,E3017,0.5660613
348,E9673,0.49156052
349,E1172,0.5517084
350,E6126,0.5723248
351,E1470,0.51229477
352,E8896,0.5041474
353,E3161,0.50845504
354,E3472,0.50013244
355,E2167,0.50317466
356,E2636,0.45340157
357,E8149,0.50161344
358,E9090,0.49899045
359,E6847,0.5118757
360,E2786,0.50861984
361,E9972,0.52335536
362,E10107,0.49441537
363,E3113,0.50665456
364,E6044,0.5000246
365,E6075,0.50300115
366,E5686,0.5130738
367,E576,0.50448495
368,E8605,0.49976677
369,E9563,0.5005168
370,E8551,0.49753523
371,E1959,0.5024459
372,E379,0.50456923
373,E215,0.49837488
374,E2899,0.50092083
375,E5092,0.49826226
376,E8581,0.5004517
377,E407,0.48659664
378,E5325,0.50164616
379,E8198,0.511839
380,E10722,0.50708157
381,E7543,0.50743175
382,E5393,0.5032534
383,E10077,0.48711702
384,E7679,0.47257122
385,E10621,0.49877498
386,E9672,0.57480496
387,E4168,0.5800943
388,E1340,0.52118236
389,E5498,0.50091255
390,E4826,0.5035621
391,E3632,0.5033719
392,E9797,0.5030768
393,E9581,0.6577819
394,E7235,0.48192576
395,E8968,0.5184812
396,E8842,0.5607671
397,E4905,0.49979445
398,E6544,0.5012532
399,E6785,0.50024843
400,E10443,0.50509983
401,E5131,0.531368
402,E7879,0.78772795
403,E226,0.49670252
404,E2087,0.521225
405,E8023,0.49742752
406,E6833,0.50120175
407,E10586,0.51480883
408,E5192,0.5015158
409,E1223,0.48606676
410,E10350,0.4853758
411,E6395,0.4931183
412,E8309,0.50667226
413,E9958,0.49429235
414,E8486,0.59157896
415,E8378,0.47340938
416,E4988,0.5026341
417,E9014,0.56410545
418,E3392,0.48263848
419,E8493,0.4855755
420,E5838,0.5008754
421,E9295,0.4822344
422,E5932,0.5624725
423,E176,0.5032514
424,E1795,0.49204838
425,E6864,0.5043305
426,E1578,0.5050906
427,E8815,0.47513053
428,E1280,0.50731665
429,E8566,0.4918018
430,E78,0.4838844
431,E6884,0.48880953
432,E2651,0.50167966
433,E6771,0.49471045
434,E1053,0.5224789
435,E7258,0.6706098
436,E7447,0.50117326
437,E8518,0.51532716
438,E3787,0.5141466
439,E10426,0.5129987
440,E6454,0.5044543
441,E1420,0.50128245
442,E7043,0.5285206
443,E8085,0.49613395
444,E4512,0.46797556
445,E3692,0.5016244
446,E185,0.5017529
447,E8415,0.50385237
448,E7100,0.6275917
449,E7943,0.5066079
450,E2820,0.49602923
451,E1479,0.6328207
452,E10025,0.44857004
453,E1439,0.4796015
454,E7166,0.5449719
455,E3685,0.49434
456,E6442,0.51997674
457,E5688,0.50041425
458,E5565,0.48923025
459,E2486,0.5008907
460,E10689,0.47474846
461,E10331,0.5046109
462,E1785,0.5032624
463,E50,0.5563966
464,E2609,0.4964295
465,E7228,0.5137196
466,E1055,0.5052436
467,E4306,0.5099457
468,E9291,0.63775694
469,E317,0.5034881
470,E5867,0.50844747
471,E874,0.554392
472,E7027,0.5574984
473,E8992,0.55355257
474,E6380,0.5089249
475,E9269,0.71790487
476,E501,0.48888093
477,E971,0.5054215
478,E6588,0.50696856
479,E6545,0.49056682
480,E10626,0.5023173
481,E3134,0.5035403
482,E4650,0.48773614
483,E3992,0.49841088
484,E4522,0.49746436
485,E512,0.49635065
486,E2459,0.5339713
487,E349,0.4996257
488,E2547,0.4951384
489,E8112,0.5795758
490,E493,0.47886086
491,E10769,0.5057227
492,E10300,0.5320805
493,E9007,0.50628793
494,E281,0.48565838
495,E6489,0.49281228
496,E5485,0.49422166
497,E4173,0.505307
498,E1566,0.52265215
499,E10407,0.49932536
500,E560,0.5006449
501,E2932,0.5042182
502,E8166,0.9977569
503,E7355,0.50466734
504,E705,0.49069548
505,E6017,0.55154324
506,E3186,0.48822358
507,E2921,0.51699406
508,E7386,0.4733691
509,E7926,0.72111
510,E76,0.50285953
511,E6718,0.509848
512,E7072,0.4842482
513,E7860,0.4478383
514,E5785,0.50594926
515,E4745,0.5068504
516,E3061,0.93980443
517,E1217,0.49275616
518,E3719,0.50442237
519,E436,0.504228
520,E7429,0.51228446
521,E844,0.5030098
522,E6919,0.7220612
523,E9385,0.6161908
524,E9141,0.50247264
525,E10500,0.494928
526,E3919,0.5033693
527,E3861,0.5288055
528,E10488,0.50837517
529,E3748,0.5259592
530,E9168,0.96792376
531,E9853,0.5528823
532,E7503,0.50299513
533,E7671,0.5536932
534,E1069,0.51378155
535,E8950,0.48231697
536,E2709,0.5314674
537,E5402,0.49946317
538,E961,0.8052277
539,E723,0.5040832
540,E7686,0.5218376
541,E5594,0.52171564
542,E5018,0.55987674
543,E7974,0.53787583
544,E3665,0.46325538
545,E9977,0.50526965
546,E2396,0.5001607
547,E6976,0.52562326
548,E10286,0.50218904
549,E7669,0.5029428
550,E5049,0.49709657
551,E6433,0.51381546
552,E4205,0.46457964
553,E7314,0.5073096
554,E7596,0.57966554
555,E1907,0.5631469
556,E6255,0.50613904
557,E125,0.81117254
558,E7996,0.5082183
559,E8545,0.532322
560,E2466,0.5126486
561,E9985,0.5025777
562,E4184,0.50396335
563,E2551,0.5877119
564,E10783,0.48402834
565,E1122,0.49449924
566,E7581,0.47395542
567,E972,0.50112224
568,E2744,0.5359649
569,E3549,0.61879647
570,E8699,0.49948704
571,E5723,0.5053605
572,E5106,0.5061895
573,E3154,0.47855535
574,E122,0.5927349
575,E1179,0.49237335
576,E4627,0.50772345
577,E864,0.48655635
578,E9915,0.5058593
579,E9479,0.4890786
580,E5827,0.5070847
581,E3746,0.5080505
582,E8505,0.5439151
583,E9560,0.5006507
584,E4221,0.50180936
585,E569,0.5158173
586,E9886,0.5003917
587,E5270,0.5049264
588,E6899,0.6574586
589,E10337,0.5211863
590,E8391,0.48156634
591,E1960,0.50334674
592,E8356,0.4696444
593,E2435,0.5034047
594,E3067,0.5468595
595,E1286,0.5042208
596,E6056,0.56334084
597,E4767,0.5085947
598,E589,0.5086632
599,E10478,0.5316681
600,E9487,0.49907795
601,E8026,0.5034409
602,E7536,0.5044281
603,E1127,0.48223928
604,E7741,0.6534328
605,E1401,0.5552064
606,E4975,0.5070179
607,E1614,0.535096
608,E10403,0.4961245
609,E6443,0.50189847
610,E5679,0.5149011
611,E5743,0.52774584
612,E809,0.50425506
613,E10461,0.51407
614,E7124,0.49053422
615,E156,0.509108
616,E4247,0.5059205
617,E2889,0.49579203
618,E7965,0.50494057
619,E9311,0.49216026
620,E5717,0.54801595
621,E7171,0.9358059
622,E7630,0.4919115
623,E1369,0.5105785
624,E2603,0.6138363
625,E4775,0.5015834
626,E3489,0.50880104
627,E6138,0.5096477
628,E8409,0.48637688
629,E7256,0.52439886
630,E4055,0.92228967
631,E9425,0.49339655
632,E1320,0.48719934
633,E9609,0.4979641
634,E829,0.5716954
635,E57,0.5223238
636,E5385,0.50320077
637,E10104,0.51489705
638,E1299,0.5042374
639,E7106,0.5062706
640,E3923,0.505396
641,E374,0.48157054
642,E5351,0.5077364
643,E5953,0.4693831
644,E1129,0.5115456
645,E3694,0.5329973
646,E5987,0.504558
647,E6232,0.51335084
648,E2475,0.5039723
649,E9120,0.5101054
650,E4653,0.50757045
651,E7923,0.5011963
652,E9814,0.49023414
653,E1669,0.49266368
654,E3294,0.5035434
655,E5832,0.47351468
656,E6394,0.5051528
657,E8637,0.53895384
658,E9402,0.52330536
659,E2660,0.54741174
660,E9998,0.5015904
661,E2520,0.49935472
662,E3897,0.49723873
663,E1574,0.5035795
664,E3523,0.53426623
665,E9715,0.5133424
666,E2431,0.48438442
667,E651,0.4981761
668,E8943,0.5015518
669,E3853,0.5046129
670,E7459,0.7232827
671,E7532,0.5203821
672,E7275,0.50307816
673,E2377,0.49438524
674,E5369,0.5023722
675,E9163,0.5019112
676,E1562,0.5024311
677,E9796,0.5077043
678,E4691,0.4655619
679,E9478,0.5052935
680,E1408,0.5300375
681,E8870,0.50734556
682,E8559,0.49472988
683,E5853,0.4944761
684,E10828,0.4984649
685,E10092,0.51280797
686,E2989,0.48723722
687,E556,0.6796684
688,E9231,0.49658102
689,E10554,0.525042
690,E5309,0.6727421
691,E5033,0.6104711
692,E314,0.496349
693,E387,0.499543
694,E2170,0.5131214
695,E3675,0.4967627
696,E4528,0.5044492
697,E10641,0.5091059
698,E5590,0.4865703
699,E2308,0.5122797
700,E6285,0.49769244
701,E1548,0.5084242
702,E9612,0.45600984
703,E10360,0.47246316
704,E10723,0.48479268
705,E10256,0.50213397
706,E52,0.51757234
707,E4542,0.51917744
708,E7102,0.5066738
709,E7129,0.51403546
710,E3280,0.5453764
711,E6713,0.46534216
712,E9602,0.50092393
713,E3670,0.5072896
714,E7733,0.5492512
715,E5695,0.49946117
716,E2107,0.550822
717,E8785,0.55635476
718,E4225,0.5004924
719,E10177,0.5029611
720,E7267,0.5123711
721,E10589,0.7161733
722,E1741,0.52153724
723,E10632,0.7299661
724,E7955,0.53566986
725,E5978,0.49982423
726,E8824,0.5706532
727,E3245,0.495726
728,E8040,0.49595413
729,E2417,0.50455326
730,E334,0.48985624
731,E4568,0.5068045
732,E3502,0.49841705
733,E4861,0.50725657
734,E441,0.5161417
735,E6239,0.5156446
736,E3805,0.5033864
737,E6252,0.5012919
738,E7194,0.5178003
739,E845,0.47922146
740,E6033,0.5096047
741,E1305,0.5696234
742,E3373,0.5170601
743,E3799,0.5019951
744,E8235,0.48828772
745,E8564,0.51759726
746,E376,0.5063418
747,E10830,0.5017965
748,E8070,0.5297083
749,E3133,0.50234157
750,E2813,0.48866698
751,E7622,0.5875521
752,E2048,0.5463221
753,E3299,0.50006527
754,E2029,0.6638618
755,E8182,0.49494892
756,E1403,0.4763562
757,E7420,0.5245131
758,E9279,0.49989894
759,E2320,0.50076044
760,E3382,0.5020653
761,E3128,0.50517106
762,E9520,0.50723004
763,E5297,0.5414157
764,E8554,0.60400593
765,E1638,0.49682936
766,E1304,0.49508795
767,E735,0.4701637
768,E7840,0.5313353
769,E236,0.48981386
770,E2697,0.89759654
771,E9481,0.5011355
772,E10166,0.49343
773,E95,0.582821
774,E2278,0.5067836
775,E3304,0.49738547
776,E9222,0.50687087
777,E358,0.56686735
778,E3490,0.5002903
779,E9380,0.4980358
780,E823,0.50236547
781,E5138,0.5029211
782,E4223,0.46107396
783,E10462,0.4957021
784,E8792,0.48710644
785,E899,0.5000956
786,E893,0.5094696
787,E3045,0.500487
788,E4490,0.4942919
789,E2147,0.5022253
790,E1428,0.51360244
791,E9959,0.51288235
792,E716,0.5029299
793,E5962,0.6914719
794,E8782,0.7714798
795,E2324,0.47472724
796,E6309,0.54311347
797,E2562,0.5726325
798,E5013,0.6270353
799,E6273,0.50439763
800,E1970,0.50753
801,E5885,0.49667475
802,E171,0.49307707
803,E5845,0.5064032
804,E2092,0.54185843
805,E2316,0.49812913
806,E6766,0.49917585
807,E3438,0.8235331
808,E9567,0.49638262
809,E8707,0.50519234
810,E4437,0.50523645
811,E5765,0.28904757
812,E1185,0.4796874
813,E359,0.50751805
814,E7561,0.5070566
815,E7640,0.50632465
816,E3388,0.50262696
817,E877,0.66015977
818,E4143,0.5218101
819,E144,0.50794405
820,E9684,0.5472899
821,E9678,0.5208758
822,E7511,0.41697973
823,E9938,0.4905224
824,E10289,0.4943265
825,E4472,0.49896765
826,E1272,0.53155905
827,E3976,0.5092461
828,E10734,0.5301272
829,E2297,0.6269054
830,E2725,0.58789355
831,E17,0.50209975
832,E246,0.5039819
833,E9505,0.5286289
834,E1806,0.45319322
835,E2784,0.49873024
836,E4208,0.49889916
837,E857,0.48498505
838,E7109,0.50812334
839,E3903,0.521186
840,E10057,0.52867043
841,E9867,0.495304
842,E9486,0.5397673
843,E6700,0.49402618
844,E3548,0.50291985
845,E10581,0.8399022
846,E2254,0.5019936
847,E6981,0.49878216
848,E544,0.48390776
849,E3482,0.50446826
850,E7726,0.59172714
851,E157,0.5090049
852,E5979,0.51093227
853,E3120,0.52632713
854,E9777,0.5305921
855,E7763,0.5058032
856,E4882,0.49246782
857,E6144,0.48999074
858,E5894,0.48992732
859,E10490,0.50889856
860,E4250,0.5061567
861,E1247,0.50336385
862,E10804,0.5025252
863,E3284,0.50725406
864,E2849,0.88355315
865,E9043,0.5014857
866,E4809,0.5333582
867,E2936,0.50282204
868,E9110,0.48882952
869,E3564,0.50338155
870,E5387,0.5366486
871,E1645,0.49713087
872,E8957,0.50676656
873,E3579,0.49179712
874,E539,0.504888
875,E8447,0.4986485
876,E3730,0.5738945
877,E6821,0.51671135
878,E6249,0.5587034
879,E7415,0.5185801
880,E4047,0.49307674
881,E4070,0.48798656
882,E5392,0.49612227
883,E10061,0.5045854
884,E2893,0.50357896
885,E10673,0.498991
886,E5674,0.50337374
887,E4713,0.5160122
888,E10335,0.48891205
889,E606,0.5817956
890,E743,0.5134786
891,E7828,0.6478135
892,E2915,0.60519093
893,E256,0.51243484
894,E473,0.472236
895,E9218,0.49507535
896,E7550,0.45928505
897,E1571,0.47535512
898,E5980,0.50420284
899,E3020,0.5030636
900,E8048,0.52729607
901,E2504,0.44904482
902,E5703,0.5101252
903,E1955,0.5068082
904,E1862,0.5072783
905,E8649,0.5076703
906,E2772,0.5248295
907,E5050,0.49715325
908,E6115,0.47275904
909,E3889,0.5030539
910,E521,0.50868034
911,E4839,0.50301164
912,E8795,0.5076556
913,E4755,0.50875884
914,E404,0.50152534
915,E623,0.4962666
916,E8173,0.508264
917,E6439,0.47520265
918,E1132,0.5444031
919,E1888,0.49224398
920,E264,0.47292754
921,E5682,0.9621222
922,E8288,0.48371065
923,E6758,0.6396623
924,E10676,0.51117116
925,E8017,0.48685008
926,E4344,0.503126
927,E10714,0.5158227
928,E417,0.4943969
929,E6694,0.4900489
930,E2716,0.5027776
931,E4032,0.5000917
932,E4279,0.5272803
933,E162,0.49829814
934,E5977,0.54818505
935,E3135,0.51602346
936,E1462,0.50516653
937,E5934,0.49333355
938,E999,0.48351955
939,E6097,0.5006883
940,E6053,0.49393973
941,E7481,0.4900884
942,E10433,0.50260895
943,E9053,0.48173746
944,E7277,0.524618
945,E2288,0.8000673
946,E5870,0.49802545
947,E2152,0.52927715
948,E5974,0.49830738
949,E6206,0.50443023
950,E5088,0.58031106
951,E6955,0.51165915
952,E2523,0.5146521
953,E910,0.50850165
954,E5920,0.5085125
955,E7495,0.5049914
956,E8911,0.50384945
957,E5804,0.5001775
958,E7677,0.5062982
959,E2677,0.50200546
960,E1879,0.48382053
961,E3918,0.5521234
962,E9879,0.50234824
963,E423,0.509982
964,E4431,0.49783617
965,E9348,0.7327783
966,E20,0.5723199
967,E535,0.5015966
968,E111,0.5049988
969,E10639,0.49913466
970,E8037,0.52793586
971,E7054,0.50796336
972,E6127,0.5039997
973,E9455,0.4609178
974,E3025,0.9621222
975,E1892,0.505939
976,E3440,0.5047522
977,E802,0.5046144
978,E3327,0.4976126
979,E9579,0.5040806
980,E7147,0.5039938
981,E4176,0.48955575
982,E475,0.50797963
983,E9440,0.50218624
984,E4202,0.50756425
985,E8688,0.4968595
986,E4524,0.4894198
987,E10033,0.73378396
988,E1001,0.52874696
989,E10518,0.50013465
990,E3471,0.4976499
991,E3547,0.49481142
992,E5756,0.47742823
993,E4094,0.5129407
994,E9503,0.51268405
995,E5334,0.7085931
996,E3734,0.51003283
997,E4660,0.49445656
998,E2371,0.50458425
999,E1916,0.50185776
1000,E2741,0.5647368
1001,E8618,0.5932764
1002,E7951,0.60083205
1003,E3454,0.49742714
1004,E8698,0.56508243
1005,E3153,0.6458669
1006,E7165,0.5023418
1007,E835,0.49972895
1008,E925,0.5281394
1009,E2162,0.5980779
1010,E10572,0.5241951
1011,E4295,0.53983265
1012,E7666,0.47908935
1013,E9626,0.54928327
1014,E5341,0.48919305
1015,E7870,0.5050094
1016,E6031,0.5032181
1017,E10784,0.46500844
1018,E1066,0.50725764
1019,E390,0.4992479
1020,E1744,0.5040044
1021,E3944,0.51368594
1022,E4420,0.50513446
1023,E6774,0.4973874
1024,E3333,0.49914864
1025,E2080,0.50719136
1026,E6798,0.5036017
1027,E2876,0.51195955
1028,E8473,0.49045798
1029,E7980,0.49740782
1030,E6451,0.4965789
1031,E10625,0.5044383
1032,E10404,0.5044193
1033,E3818,0.47582358
1034,E641,0.5022219
1035,E3521,0.64529806
1036,E6791,0.5120163
1037,E7837,0.5251803
1038,E964,0.4972571
1039,E4499,0.5335868
1040,E6741,0.4957911
1041,E8033,0.49290898
1042,E10190,0.51052904
1043,E5500,0.5629737
1044,E9885,0.50451934
1045,E10739,0.49790654
1046,E54,0.49678928
1047,E9121,0.49729908
1048,E10242,0.5105377
1049,E2863,0.4896553
1050,E3366,0.50233155
1051,E1730,0.5020503
1052,E4710,0.44302788
1053,E4454,0.5022472
1054,E3835,0.5309231
1055,E2722,0.5318053
1056,E227,0.5058838
1057,E1913,0.50530314
1058,E7587,0.50110596
1059,E9215,0.49818167
1060,E8666,0.49992263
1061,E7866,0.5039706
1062,E5693,0.50089747
1063,E6546,0.5476453
1064,E10069,0.50024974
1065,E8122,0.5014038
1066,E2161,0.50279254
1067,E1099,0.4996256
1068,E2627,0.50901663
1069,E7176,0.4916646
1070,E4811,0.50711334
1071,E2005,0.50060815
1072,E7642,0.5031895
1073,E3224,0.49903762
1074,E1517,0.49914744
1075,E4156,0.4991054
1076,E5816,0.4978776
1077,E7012,0.497081
1078,E3769,0.5147377
1079,E1195,0.49455738
1080,E8711,0.4979899
1081,E5781,0.52224284
1082,E4899,0.49047747
1083,E1126,0.4309325
1084,E2407,0.5040723
1085,E5523,0.50712407
1086,E6883,0.51627827
1087,E5331,0.5028016
1088,E6111,0.49149048
1089,E993,0.5067953
1090,E4847,0.72259724
1091,E8029,0.47416764
1092,E3892,0.538769
1093,E5925,0.49929053
1094,E6201,0.5037101
1095,E6379,0.50139564
1096,E7398,0.5307496
1097,E5112,0.61588687
1098,E10550,0.49454623
1099,E860,0.5023802
1100,E888,0.8044211
1101,E5672,0.50343
1102,E7826,0.48351178
1103,E952,0.57222605
1104,E572,0.5038087
1105,E7557,0.55299044
1106,E4370,0.4989223
1107,E3214,0.5226012
1108,E2112,0.50367415
1109,E270,0.5041908
1110,E10221,0.50395733
1111,E1570,0.51004386
1112,E1140,0.5157324
1113,E4962,0.5175301
1114,E2640,0.5049501
1115,E4664,0.58791715
1116,E9989,0.49360105
1117,E1592,0.4602031
1118,E9150,0.50165987
1119,E9492,0.48453146
1120,E10315,0.4824353
1121,E9214,0.5057427
1122,E2500,0.52146304
1123,E529,0.48554873
1124,E8247,0.6970299
1125,E8562,0.5061494
1126,E1153,0.44497216
1127,E7114,0.509314
1128,E9870,0.48541027
1129,E7407,0.499986
1130,E5037,0.5138397
1131,E2014,0.50920326
1132,E983,0.5342733
1133,E7716,0.49922076
1134,E709,0.49855852
1135,E202,0.5040286
1136,E449,0.59052986
1137,E4029,0.49806666
1138,E1022,0.46584702
1139,E5225,0.5221226
1140,E766,0.5069593
1141,E1593,0.50551593
1142,E6428,0.51340556
1143,E3643,0.5087264
1144,E6347,0.5238278
1145,E4984,0.5304928
1146,E6802,0.49806878
1147,E9519,0.55813473
1148,E4622,0.4857538
1149,E621,0.500117
1150,E9408,0.5101393
1151,E6737,0.57037604
1152,E1040,0.51137865
1153,E6196,0.50624037
1154,E2251,0.49615207
1155,E5319,0.633081
1156,E1166,0.51676875
1157,E991,0.5049849
1158,E5834,0.49048007
1159,E9667,0.50526786
1160,E363,0.51437294
1161,E6487,0.49968633
1162,E474,0.49396917
1163,E9127,0.5036318
1164,E10705,0.49718437
1165,E4409,0.5001106
1166,E6125,0.49067733
1167,E9276,0.5015736
1168,E10196,0.49779007
1169,E6134,0.4891174
1170,E9982,0.51430535
1171,E134,0.5034917
1172,E10686,0.50387007
1173,E9665,0.557972
1174,E1582,0.5045007
1175,E5273,0.5071956
1176,E7670,0.48294133
1177,E2023,0.5043917
1178,E10412,0.51099724
1179,E1628,0.6833686
1180,E1103,0.5282408
1181,E5436,0.4996262
1182,E9773,0.5666286
1183,E8517,0.40767968
1184,E1386,0.5040833
1185,E4319,0.5042228
1186,E263,0.5033562
1187,E5465,0.5136636
1188,E5850,0.5109484
1189,E788,0.50268406
1190,E5537,0.51086664
1191,E143,0.5018803
1192,E10066,0.5019865
1193,E213,0.50243044
1194,E9247,0.50487864
1195,E7962,0.5084343
1196,E2325,0.5019391
1197,E7097,0.45826545
1198,E10049,0.49919182
1199,E8989,0.717235
1200,E10209,0.53262764
1201,E793,0.49114183
1202,E2456,0.4977035
1203,E6048,0.46910465
1204,E5067,0.5066737
1205,E1373,0.5945664
1206,E1076,0.5264385
1207,E5751,0.5464224
1208,E10843,0.50033474
1209,E10772,0.5641004
1210,E1183,0.58868223
1211,E4891,0.51628184
1212,E4157,0.50021213
1213,E592,0.5063458
1214,E10215,0.5300887
1215,E3033,0.5103138
1216,E333,0.5026873
1217,E9420,0.50655246
1218,E4252,0.4690128
1219,E5798,0.5117394
1220,E8732,0.51010084
1221,E5272,0.3836634
1222,E104,0.5276336
1223,E6279,0.50287265
1224,E3978,0.5096731
1225,E2527,0.50104815
1226,E2824,0.50122726
1227,E9268,0.50319177
1228,E1784,0.46531183
1229,E3862,0.49300453
1230,E7945,0.48663068
1231,E1885,0.50305355
1232,E5778,0.56813985
1233,E4131,0.49994147
1234,E9156,0.4907002
1235,E9109,0.5376421
1236,E10096,0.54939437
1237,E818,0.5982313
1238,E8216,0.5002623
1239,E7212,0.49908507
1240,E3858,0.5026938
1241,E5543,0.52519387
1242,E3375,0.5296392
1243,E7422,0.9555005
1244,E10445,0.49243787
1245,E2025,0.5137894
1246,E1936,0.5339375
1247,E9571,0.48771125
1248,E177,0.74807006
1249,E80,0.50370693
1250,E729,0.5109189
1251,E10566,0.50529647
1252,E9050,0.49750566
1253,E1237,0.53740394
1254,E8168,0.58678573
1255,E88,0.50615937
1256,E8641,0.49235657
1257,E4754,0.52190244
1258,E9676,0.5300386
1259,E7070,0.50538856
1260,E9916,0.5561094
1261,E7593,0.5009777
1262,E10807,0.52380866
1263,E2563,0.59165317
1264,E8841,0.5010876
1265,E9914,0.5079623
1266,E2259,0.50743514
1267,E5128,0.5027421
1268,E4139,0.50412196
1269,E6066,0.48756215
1270,E583,0.5020603
1271,E1006,0.4884034
1272,E10156,0.5013257
1273,E5372,0.5010829
1274,E5676,0.47995505
1275,E9349,0.5620887
1276,E5010,0.5052691
1277,E2351,0.5049039
1278,E1675,0.49957955
1279,E9595,0.5342504
1280,E3940,0.52336335
1281,E5677,0.5136603
1282,E6195,0.4990448
1283,E9926,0.5430568
1284,E2473,0.4972168
1285,E9637,0.5012634
1286,E8617,0.48598182
1287,E567,0.50361514
1288,E5509,0.4997953
1289,E8367,0.5056372
1290,E6995,0.5203554
1291,E4493,0.57192004
1292,E1336,0.5048658
1293,E2135,0.50747204
1294,E8183,0.6109664
1295,E1927,0.50170714
1296,E1333,0.48055014
1297,E6653,0.49559772
1298,E7364,0.48712215
1299,E9775,0.5341263
1300,E7222,0.5049494
1301,E8869,0.49987087
1302,E2851,0.5041642
1303,E5110,0.5008791
1304,E1867,0.49540192
1305,E8910,0.60369295
1306,E4704,0.5157974
1307,E10261,0.5038261
1308,E8186,0.4967639
1309,E6438,0.5170153
1310,E7624,0.5072186
1311,E8031,0.4958084
1312,E6039,0.48847646
1313,E7509,0.49094838
1314,E10388,0.5711297
1315,E4478,0.50222296
1316,E6514,0.53625315
1317,E4782,0.5058694
1318,E5983,0.49233595
1319,E4299,0.50282854
1320,E3824,0.50379103
1321,E1422,0.52730453
1322,E5533,0.49430424
1323,E2687,0.50233537
1324,E755,0.51403546
1325,E785,0.4966884
1326,E2298,0.4994257
1327,E656,0.506275
1328,E8426,0.5067885
1329,E6060,0.5383059
1330,E5658,0.5016387
1331,E2979,0.5062037
1332,E5019,0.50424117
1333,E5840,0.50652045
1334,E6537,0.50795025
1335,E6227,0.5059122
1336,E1977,0.77132297
1337,E1866,0.57484543
1338,E338,0.5083849
1339,E1468,0.57875586
1340,E8845,0.5048312
1341,E7482,0.50577044
1342,E2892,0.48269218
1343,E8286,0.51944053
1344,E1241,0.5091044
1345,E8538,0.5053822
1346,E7454,0.49815977
1347,E9345,0.4905519
1348,E7282,0.50137955
1349,E4731,0.49284655
1350,E6921,0.49120095
1351,E3439,0.50598335
1352,E6092,0.49755841
1353,E2392,0.51655746
1354,E4012,0.51103276
1355,E3208,0.53060305
1356,E2530,0.5438454
1357,E593,0.49577475
1358,E4456,0.4944899
1359,E9580,0.534749
1360,E6890,0.49332002
1361,E5323,0.49105936
1362,E7424,0.5109618
1363,E6270,0.5204759
1364,E1396,0.50419426
1365,E6421,0.5083332
1366,E9789,0.51074106
1367,E7036,0.5237935
1368,E1886,0.5155917
1369,E4167,0.45324996
1370,E10502,0.504621
1371,E8237,0.50322133
1372,E1714,0.49857536
1373,E2548,0.48550996
1374,E2261,0.51862866
1375,E1450,0.49526042
1376,E2840,0.49295035
1377,E8028,0.5046588
1378,E2975,0.5548886
1379,E7216,0.50074655
1380,E4678,0.50312006
1381,E1667,0.6657078
1382,E2685,0.5076171
1383,E3926,0.51302177
1384,E4432,0.48965564
1385,E7219,0.7637007
1386,E8479,0.4866264
1387,E3093,0.53845567
1388,E10055,0.50354314
1389,E1454,0.5416079
1390,E524,0.49476412
1391,E8745,0.50047195
1392,E6740,0.5003961
1393,E6695,0.49824053
1394,E315,0.49529815
1395,E6526,0.6248834
1396,E2271,0.55467594
1397,E2281,0.49292898
1398,E5086,0.53268385
1399,E5896,0.5175216
1400,E852,0.51530576
1401,E2498,0.9280671
1402,E6783,0.6509577
1403,E6173,0.51388705
1404,E5865,0.48680082
1405,E10580,0.48988646
1406,E1753,0.5083431
1407,E6818,0.49653527
1408,E9845,0.46682116
1409,E2550,0.5035551
1410,E3390,0.51100194
1411,E5219,0.5387911
1412,E2995,0.50568056
1413,E419,0.5081414
1414,E6481,0.54687226
1415,E4049,0.5994126
1416,E1693,0.49043453
1417,E4519,0.50365037
1418,E105,0.5355195
1419,E9421,0.48632982
1420,E8039,0.5059659
1421,E2665,0.5018169
1422,E1016,0.502026
1423,E6632,0.50161856
1424,E10444,0.5058111
1425,E6529,0.5268653
1426,E8953,0.5129871
1427,E5964,0.48659638
1428,E5078,0.5213723
1429,E10056,0.49684837
1430,E28,0.48845074
1431,E10653,0.5198171
1432,E4007,0.49145764
1433,E4764,0.50518245
1434,E5409,0.44360465
1435,E5986,0.5081194
1436,E2452,0.5042265
1437,E5153,0.5034974
1438,E6332,0.5146942
1439,E1921,0.49940097
1440,E7069,0.5177585
1441,E8933,0.50490844
1442,E6739,0.54017454
1443,E8090,0.5033421
1444,E7885,0.8331729
1445,E10013,0.6643289
1446,E3714,0.497688
1447,E3059,0.50457805
1448,E8044,0.48941624
1449,E6177,0.5016851
1450,E7242,0.49978575
1451,E5663,0.50468653
1452,E1612,0.50489116
1453,E2818,0.6012016
1454,E6361,0.49924043
1455,E3605,0.5082748
1456,E3722,0.5053025
1457,E4989,0.49967036
1458,E7652,0.49887246
1459,E9577,0.5137704
1460,E9696,0.48034623
1461,E3011,0.48844555
1462,E9772,0.5045813
1463,E9551,0.5058906
1464,E10318,0.50483364
1465,E8491,0.50486034
1466,E5611,0.5455203
1467,E6712,0.58767486
1468,E10483,0.5021479
1469,E7848,0.4847354
1470,E8418,0.49769953
1471,E9360,0.5229565
1472,E8512,0.5190708
1473,E8389,0.56463754
1474,E8076,0.49152896
1475,E721,0.48557335
1476,E3727,0.5054153
1477,E7862,0.49140278
1478,E7400,0.5027263
1479,E4806,0.546388
1480,E1823,0.71906793
1481,E7611,0.49430448
1482,E9180,0.5094616
1483,E9798,0.5076657
1484,E9539,0.49618834
1485,E2069,0.533044
1486,E5354,0.47334668
1487,E8567,0.4987966
1488,E6209,0.51540434
1489,E2239,0.6115158
1490,E5715,0.50310385
1491,E8128,0.5129651
1492,E2007,0.5041972
1493,E5586,0.62425625
1494,E975,0.50319594
1495,E1503,0.5031372
1496,E291,0.51154697
1497,E7307,0.5064133
1498,E7957,0.46234402
1499,E9730,0.49906257
1500,E10356,0.52834886
1501,E9047,0.5478247
1502,E1440,0.50336516
1503,E337,0.49356216
1504,E1158,0.5038643
1505,E3742,0.5044139
1506,E2819,0.5747511
1507,E6176,0.49762654
1508,E1263,0.506537
1509,E4668,0.501867
1510,E8341,0.49810675
1511,E2638,0.49203867
1512,E3990,0.5113509
1513,E1221,0.4955654
1514,E9027,0.41748077
1515,E1873,0.63660485
1516,E5030,0.50345886
1517,E2507,0.51810175
1518,E10158,0.52438843
1519,E6666,0.50743484
1520,E5541,0.5033569
1521,E312,0.50216514
1522,E1724,0.45036915
1523,E316,0.5447438
1524,E9908,0.49515477
1525,E5350,0.550822
1526,E9364,0.49517855
1527,E4624,0.8479797
1528,E6498,0.47606674
1529,E1105,0.5042243
1530,E9622,0.5003555
1531,E2822,0.5422735
1532,E6723,0.50810456
1533,E3311,0.52313197
1534,E7082,0.50556505
1535,E4895,0.4866414
1536,E3308,0.50476605
1537,E663,0.5170824
1538,E7931,0.51076365
1539,E9578,0.49102446
1540,E6307,0.5191207
1541,E10728,0.50986546
1542,E7591,0.49923086
1543,E759,0.4951502
1544,E628,0.51697546
1545,E1366,0.49970227
1546,E3077,0.50419915
1547,E2348,0.5146871
1548,E6925,0.50544834
1549,E7708,0.49524382
1550,E7333,0.73344135
1551,E7784,0.50167394
1552,E7756,0.506114
1553,E10363,0.5419642
1554,E4656,0.4694141
1555,E2775,0.47781226
1556,E9731,0.500632
1557,E4513,0.53099203
1558,E7028,0.49212053
1559,E1536,0.50166726
1560,E5289,0.49682724
1561,E9872,0.510051
1562,E10079,0.48637697
1563,E418,0.5156514
1564,E1400,0.5029157
1565,E7081,0.5017613
1566,E2935,0.48576963
1567,E1710,0.47436112
1568,E7794,0.6004871
1569,E2415,0.5028354
1570,E6825,0.548021
1571,E4688,0.50704205
1572,E8434,0.5012634
1573,E6465,0.5204102
1574,E4140,0.49732184
1575,E2781,0.50520617
1576,E4192,0.48385692
1577,E1361,0.5090692
1578,E7500,0.49453014
1579,E9157,0.5003432
1580,E9042,0.580037
1581,E8613,0.50474924
1582,E9847,0.5137531
1583,E98,0.5052005
1584,E1150,0.6371577
1585,E2019,0.52021563
1586,E10026,0.5115026
1587,E3831,0.619723
1588,E937,0.5001608
1589,E2954,0.63804495
1590,E5237,0.4587873
1591,E10682,0.5531053
1592,E10753,0.6801531
1593,E2302,0.5055728
1594,E6710,0.55313975
1595,E1902,0.48016503
1596,E861,0.5000922
1597,E1004,0.47648185
1598,E1523,0.5022343
1599,E4084,0.69673467
1600,E1735,0.5208433
1601,E1371,0.49698702
1602,E9651,0.58459216
1603,E9294,0.50380766
1604,E5852,0.5110648
1605,E6295,0.67340094
1606,E5361,0.50582564
1607,E7205,0.55784535
1608,E4269,0.49609828
1609,E9426,0.52343214
1610,E9075,0.48662448
1611,E5489,0.5073055
1612,E4598,0.49359444
1613,E9036,0.5028205
1614,E3609,0.50141764
1615,E1134,0.5162627
1616,E5023,0.5142152
1617,E4560,0.5316717
1618,E7588,0.5106337
1619,E4735,0.47391
1620,E5070,0.5166092
1621,E8709,0.5058947
1622,E10556,0.53713
1623,E4793,0.49799848
1624,E5,0.5009999
1625,E7590,0.4945446
1626,E3894,0.5047762
1627,E9804,0.48447797
1628,E8521,0.5058256
1629,E9407,0.50941443
1630,E9161,0.60262674
1631,E5946,0.5094819
1632,E8773,0.5050758
1633,E8839,0.4897606
1634,E10446,0.5227873
1635,E5024,0.50210357
1636,E9538,0.51448995
1637,E5973,0.51014614
1638,E3569,0.5205554
1639,E3893,0.5042521
1640,E8404,0.49407902
1641,E6675,0.50090104
1642,E4276,0.495003
1643,E5770,0.50256336
1644,E989,0.5052955
1645,E1670,0.5087525
1646,E10481,0.6149739
1647,E10587,0.50418556
1648,E6658,0.5302436
1649,E7370,0.48733702
1650,E7188,0.50096834
1651,E5167,0.5105718
1652,E1791,0.49913406
1653,E5501,0.5844048
1654,E4554,0.4950869
1655,E2556,0.5023301
1656,E1349,0.519095
1657,E6906,0.52246565
1658,E7445,0.5037336
1659,E455,0.49523374
1660,E5837,0.47473106
1661,E10112,0.49998188
1662,E351,0.4691028
1663,E5330,0.4910971
1664,E7703,0.49405685
1665,E7766,0.5022781
1666,E1725,0.50131303
1667,E8209,0.5166834
1668,E2992,0.49538004
1669,E6931,0.71237296
1670,E684,0.4931791
1671,E3302,0.5086629
1672,E503,0.51032156
1673,E5152,0.4865974
1674,E209,0.50021595
1675,E9,0.50587326
1676,E4226,0.5901284
1677,E7933,0.5005432
1678,E6243,0.50533426
1679,E5694,0.49544516
1680,E9566,0.46626112
1681,E5394,0.4916119
1682,E2356,0.50025946
1683,E5007,0.49476513
1684,E3118,0.50541514
1685,E6484,0.5044712
1686,E9045,0.48005298
1687,E10320,0.50419945
1688,E2443,0.5506875
1689,E3223,0.4986199
1690,E6179,0.5082832
1691,E1186,0.5039368
1692,E9694,0.49750885
1693,E10451,0.5175128
1694,E4862,0.50890744
1695,E10532,0.49388343
1696,E10820,0.5591255
1697,E3231,0.48445788
1698,E8322,0.5074412
1699,E3075,0.6746391
1700,E2565,0.5912637
1701,E2114,0.49903947
1702,E7087,0.4979082
1703,E5339,0.45123935
1704,E8786,0.5910512
1705,E2505,0.5065305
1706,E3232,0.5013734
1707,E5399,0.5007535
1708,E498,0.49957472
1709,E1507,0.49676746
1710,E6607,0.503125
1711,E4933,0.49288487
1712,E4701,0.5186663
1713,E87,0.5043866
1714,E1220,0.5053946
1715,E10810,0.5439381
1716,E5412,0.501548
1717,E2714,0.50203395
1718,E2672,0.6806483
1719,E10608,0.49134976
1720,E1542,0.51415515
1721,E7776,0.5008928
1722,E4404,0.49816492
1723,E10351,0.52583987
1724,E8096,0.50256115
1725,E2202,0.5317274
1726,E5044,0.5027095
1727,E10497,0.5041468
1728,E3863,0.49688473
1729,E8976,0.529426
1730,E4136,0.49805224
1731,E3682,0.5268844
1732,E2762,0.4991207
1733,E10707,0.709321
1734,E8167,0.5001574
1735,E2879,0.45612064
1736,E1013,0.53125876
1737,E761,0.5121518
1738,E3181,0.49838945
1739,E2391,0.5034743
1740,E9255,0.50022954
1741,E9657,0.5116145
1742,E3828,0.53318596
1743,E8897,0.6547705
1744,E8300,0.50142366
1745,E8595,0.53371155
1746,E3812,0.5024111
1747,E8673,0.5016823
1748,E7262,0.5010902
1749,E6185,0.50624603
1750,E5519,0.50165266
1751,E6991,0.5062843
1752,E10732,0.5679572
1753,E10744,0.4934639
1754,E10354,0.5188474
1755,E9631,0.4821396
1756,E2126,0.49611172
1757,E3878,0.48089218
1758,E5182,0.5085935
1759,E6901,0.6429972
1760,E1341,0.7883236
1761,E8972,0.5127471
1762,E9184,0.50922203
1763,E6787,0.49343985
1764,E3460,0.50214463
1765,E5371,0.49839264
1766,E2753,0.5011468
1767,E6764,0.52697474
1768,E7829,0.76912403
1769,E6971,0.5832031
1770,E8075,0.47829646
1771,E9060,0.4899318
1772,E3044,0.49950323
1773,E2491,0.4977877
1774,E8760,0.6412791
1775,E7243,0.5342624
1776,E3775,0.9340934
1777,E7388,0.6285788
1778,E3171,0.51634043
1779,E10019,0.5197778
1780,E9829,0.57969105
1781,E5068,0.4988069
1782,E9600,0.49574915
1783,E4836,0.50725657
1784,E8544,0.50444657
1785,E5696,0.49982184
1786,E1900,0.5033888
1787,E9351,0.68262833
1788,E5646,0.5056659
1789,E10553,0.5189999
1790,E6457,0.70071626
1791,E7709,0.5353451
1792,E8930,0.47652808
1793,E8492,0.5055479
1794,E5065,0.57566005
1795,E5264,0.49278685
1796,E9257,0.67158145
1797,E2441,0.50184244
1798,E10391,0.5309015
1799,E10779,0.50250155
1800,E4874,0.79752445
1801,E7217,0.5024704
1802,E8260,0.4967758
1803,E7730,0.5101708
1804,E10244,0.49988118
1805,E10098,0.48818284
1806,E7376,0.7727162
1807,E3733,0.50789535
1808,E4936,0.5049087
1809,E703,0.5040927
1810,E1146,0.5015666
1811,E8608,0.5052646
1812,E6665,0.6147604
1813,E4259,0.5002373
1814,E1031,0.48645008
1815,E2986,0.55305153
1816,E478,0.49701515
1817,E3470,0.788159
1818,E5241,0.5045677
1819,E9980,0.4934018
1820,E10720,0.64250755
1821,E8746,0.50249654
1822,E2509,0.5137129
1823,E7096,0.49131915
1824,E504,0.5032948
1825,E9719,0.5116365
1826,E708,0.5069443
1827,E2732,0.4918517
1828,E9069,0.5038682
1829,E3780,0.7668624
1830,E6616,0.49520826
1831,E1356,0.5356235
1832,E2467,0.512322
1833,E3350,0.5029818
1834,E8686,0.570998
1835,E3888,0.45788446
1836,E6509,0.5041477
1837,E6167,0.49731576
1838,E6749,0.50735337
1839,E3624,0.49918535
1840,E2398,0.5039193
1841,E6282,0.50437
1842,E5636,0.8881781
1843,E5675,0.5016667
1844,E5884,0.46605122
1845,E9905,0.4991691
1846,E9754,0.5075694
1847,E10007,0.45949224
1848,E8716,0.5031222
1849,E5960,0.66307783
1850,E1229,0.6690048
1851,E1545,0.52058464
1852,E6858,0.5392703
1853,E2199,0.49916098
1854,E6108,0.50872576
1855,E178,0.48994333
1856,E987,0.5041975
1857,E10084,0.50032884
1858,E1797,0.82490027
1859,E7531,0.50885403
1860,E6490,0.49049142
1861,E1419,0.4762079
1862,E10257,0.50636315
1863,E5115,0.49846566
1864,E1512,0.5047462
1865,E1864,0.50383306
1866,E9561,0.5160162
1867,E555,0.50003254
1868,E2966,0.47647145
1869,E4663,0.42516726
1870,E558,0.58098614
1871,E5238,0.4978802
1872,E4134,0.50268686
1873,E3483,0.50705135
1874,E2234,0.45732725
1875,E1391,0.5483923
1876,E2064,0.50518477
1877,E6152,0.6993176
1878,E7493,0.51088697
1879,E7853,0.46596658
1880,E673,0.698267
1881,E2634,0.4964986
1882,E6388,0.50438714
1883,E2260,0.5025157
1884,E7515,0.7018252
1885,E6049,0.5085365
1886,E9587,0.49207643
1887,E58,0.6489941
1888,E8124,0.50557846
1889,E2474,0.5035196
1890,E5299,0.5218604
1891,E3169,0.5142516
1892,E2003,0.49640194
1893,E352,0.5317003
1894,E3925,0.49960524
1895,E5430,0.5000212
1896,E4981,0.4981101
1897,E5488,0.49875012
1898,E5968,0.5041461
1899,E5951,0.56667197
1900,E3590,0.50158054
1901,E149,0.50379896
1902,E1700,0.49651042
1903,E2777,0.5203517
1904,E4520,0.5154891
1905,E7947,0.48855606
1906,E2513,0.5033922
1907,E4145,0.5107291
1908,E8292,0.5028407
1909,E2307,0.5061302
1910,E4872,0.49954718
1911,E1922,0.51349074
1912,E2631,0.50321966
1913,E9736,0.49393094
1914,E9341,0.50958526
1915,E10856,0.502776
1916,E1950,0.49185163
1917,E3752,0.4887639
1918,E10029,0.47601563
1919,E9508,0.53036684
1920,E9165,0.5271457
1921,E10425,0.4964142
1922,E833,0.5065519
1923,E4118,0.5164157
1924,E249,0.5609566
1925,E2681,0.50637454
1926,E10042,0.55205166
1927,E4110,0.49702683
1928,E6474,0.48706886
1929,E7255,0.5194711
1930,E4747,0.50014013
1931,E5476,0.53691995
1932,E6246,0.49632457
1933,E1952,0.50178576
1934,E7608,0.501264
1935,E35,0.6487969
1936,E6247,0.4962332
1937,E4779,0.48840752
1938,E10711,0.521282
1939,E6803,0.5012482
1940,E2531,0.4939621
1941,E2982,0.5522919
1942,E7421,0.505566
1943,E6663,0.5032587
1944,E1042,0.4876479
1945,E5801,0.53495926
1946,E6358,0.5015463
1947,E6304,0.5095096
1948,E8796,0.50695556
1949,E7486,0.5032241
1950,E6795,0.49480996
1951,E6900,0.50026023
1952,E5222,0.48199248
1953,E6777,0.5024388
1954,E6406,0.5016781
1955,E9944,0.502093
1956,E7512,0.4910255
1957,E5635,0.49181056
1958,E142,0.5052046
1959,E4287,0.4827428
1960,E7991,0.4994539
1961,E1750,0.59583926
1962,E175,0.4575141
1963,E1699,0.39949748
1964,E1315,0.5171313
1965,E1376,0.50622606
1966,E389,0.5026737
1967,E8553,0.53354824
1968,E6088,0.5076426
1969,E8001,0.6371915
1970,E5472,0.5345779
1971,E4323,0.50270367
1972,E8254,0.50627375
1973,E6788,0.47211123
1974,E2853,0.4989248
1975,E10563,0.48332444
1976,E8197,0.50169003
1977,E5093,0.5051354
1978,E2882,0.50017375
1979,E5004,0.5022673
1980,E10636,0.5082071
1981,E8275,0.59885615
1982,E9097,0.49450123
1983,E1421,0.50566685
1984,E702,0.47899464
1985,E9941,0.49515533
1986,E978,0.81897163
1987,E5226,0.5230309
1988,E8257,0.5051762
1989,E5035,0.5055324
1990,E3455,0.51400715
1991,E5912,0.5010203
1992,E8840,0.4938925
1993,E2917,0.5020388
1994,E458,0.4795831
1995,E6570,0.63461953
1996,E9166,0.47857878
1997,E7767,0.48784602
1998,E3095,0.4992173
1999,E9107,0.9929143
2000,E10189,0.49988535
2001,E1285,0.56737125
2002,E1505,0.50435174
2003,E6664,0.5276413
2004,E936,0.49210477
2005,E4727,0.5124407
2006,E7507,0.5065791
2007,E928,0.53331834
2008,E4699,0.5242038
2009,E6231,0.51355416
2010,E5447,0.51202834
2011,E2175,0.50259066
2012,E7526,0.5226945
2013,E1805,0.4856911
2014,E5888,0.49752885
2015,E10132,0.48836508
2016,E6597,0.5068704
2017,E4998,0.51327103
2018,E5664,0.6307497
2019,E3542,0.521798
2020,E9128,0.5373913
2021,E9194,0.66595376
2022,E10168,0.5052247
2023,E6337,0.50784105
2024,E2479,0.4758003
2025,E3253,0.5205215
2026,E1037,0.48364606
2027,E4485,0.73773843
2028,E665,0.5001753
2029,E8165,0.49510843
2030,E1499,0.4986766
2031,E10038,0.514851
2032,E10071,0.5451934
2033,E859,0.5015708
2034,E3983,0.54709053
2035,E9866,0.53081775
2036,E3167,0.49539438
2037,E9765,0.56787986
2038,E6455,0.501465
2039,E6999,0.48835212
2040,E8340,0.4986536
2041,E5906,0.46454665
2042,E8047,0.5045748
2043,E2796,0.5000832
2044,E7483,0.67763454
2045,E5952,0.49579075
2046,E883,0.504585
2047,E41,0.5243809
2048,E1906,0.5354704
2049,E1573,0.5079459
2050,E2289,0.50166786
2051,E8668,0.48704365
2052,E1981,0.5072802
2053,E9783,0.51623106
2054,E7123,0.5338782
2055,E5066,0.6602516
2056,E1034,0.5286289
2057,E1329,0.4991862
2058,E3839,0.65781957
2059,E5126,0.49439195
2060,E5875,0.5036009
2061,E4314,0.5238362
2062,E8270,0.7334528
2063,E10022,0.50389904
2064,E4410,0.5133328
2065,E8996,0.49640518
2066,E2730,0.61522794
2067,E3937,0.4890111
2068,E8758,0.50680095
2069,E4732,0.44522023
2070,E8774,0.47881013
2071,E10383,0.58007884
2072,E1749,0.4670888
2073,E8685,0.509232
2074,E1878,0.5343788
2075,E5610,0.50891626
2076,E3479,0.5192257
2077,E8779,0.58351684
2078,E2856,0.5059387
2079,E5898,0.502923
2080,E322,0.5665949
2081,E550,0.5028976
2082,E4230,0.5349263
2083,E534,0.50637794
2084,E5288,0.4745681
2085,E4816,0.49908507
2086,E10200,0.6014007
2087,E10182,0.52338713
2088,E9200,0.509651
2089,E804,0.51072073
2090,E9983,0.5076643
2091,E7683,0.55446297
2092,E9948,0.44159067
2093,E5687,0.5743485
2094,E6837,0.5975801
2095,E9495,0.49619445
2096,E1852,0.5086486
2097,E2913,0.48777568
2098,E7241,0.46177188
2099,E1679,0.5002884
2100,E10397,0.51804286
2101,E8214,0.5015254
2102,E8326,0.49838412
2103,E8713,0.4925688
2104,E4949,0.5088391
2105,E7334,0.5163839
2106,E237,0.51329386
2107,E1918,0.5041993
2108,E1747,0.5344155
2109,E515,0.4721755
2110,E5570,0.5238032
2111,E5927,0.5009617
2112,E5418,0.52270305
2113,E5883,0.5120366
2114,E4097,0.5247903
2115,E770,0.56543285
2116,E4881,0.48946136
2117,E10700,0.4947503
2118,E1253,0.5056
2119,E4858,0.50092554
2120,E2116,0.60743445
2121,E10281,0.4992402
2122,E8979,0.5039634
2123,E8912,0.5031368
2124,E1377,0.5070665
2125,E7326,0.52114964
2126,E7944,0.50766283
2127,E3503,0.45238337
2128,E7013,0.5282852
2129,E8921,0.44764236
2130,E6351,0.513959
2131,E1136,0.5077264
2132,E4206,0.50293756
2133,E8689,0.48848316
2134,E5121,0.5048721
2135,E8475,0.50608593
2136,E10747,0.5480231
2137,E4868,0.48302022
2138,E8394,0.5119551
2139,E1569,0.514032
2140,E5427,0.5171128
2141,E10032,0.54867405
2142,E1998,0.49327517
2143,E26,0.5091084
2144,E4266,0.49926698
2145,E8091,0.73653424
2146,E5857,0.4765742
2147,E10062,0.50242263
2148,E10127,0.50791407
2149,E9267,0.51477706
2150,E2664,0.5001929
2151,E1045,0.5028835
2152,E10330,0.52529186
2153,E2909,0.50068265
2154,E778,0.5207058
2155,E9962,0.84527063
2156,E5166,0.48487976
2157,E2449,0.5061353
2158,E9491,0.5068294
2159,E7761,0.5030576
2160,E2539,0.5040407
2161,E7304,0.49781293
2162,E6145,0.52218574
2163,E9066,0.5039415
2164,E7993,0.49175704
2165,E1794,0.50443995
2166,E3980,0.48818332
2167,E2524,0.49089608
2168,E4324,0.50675297
2169,E1384,0.507316
2170,E7582,0.5052748
2171,E5209,0.52748156
